ASSENEDE|AVELGEM|66628|3655
ASSENEDE|BAARLE-HERTOG|113864|4777
ASSENEDE|BALEN|111541|4771
ASSENEDE|BEERNEM|37731|2082
ASSENEDE|BEERSE|92943|3599
ASSENEDE|BEERSEL|90480|3686
ASSENEDE|BEGIJNENDIJK|95898|4262
ASSENEDE|BEKKEVOORT|136952|4841
ASSENEDE|BERINGEN|116443|4382
ASSENEDE|BERLAAR|83744|3721
ASSENEDE|BERLARE|46631|2764
ASSENEDE|BERTEM|104131|3890
ASSENEDE|BEVER|75397|4082
ASSENEDE|BEVEREN|44882|1978
ASSENEDE|BIERBEEK|114680|4324
ASSENEDE|BILZEN|147104|5403
ASSENEDE|BLANKENBERGE|53552|3177
ASSENEDE|BOCHOLT|162169|6363
ASSENEDE|BOECHOUT|67741|3066
ASSENEDE|BONHEIDEN|77884|3291
ASSENEDE|BOOM|63542|2732
ASSENEDE|BOORTMEERBEEK|87110|3555
ASSENEDE|BORGLOON|151186|5751
ASSENEDE|BORNEM|50566|2729
ASSENEDE|BORSBEEK|62795|2698
ASSENEDE|BOUTERSEM|120080|4327
ASSENEDE|BRAKEL|61328|3567
ASSENEDE|BRASSCHAAT|65843|2748
ASSENEDE|BRECHT|80902|3104
ASSENEDE|BREDENE|69923|3474
ASSENEDE|BREE|159428|6317
ASSENEDE|BRUGGE|45495|2703
ASSENEDE|BUGGENHOUT|59135|3537
ASSENEDE|DAMME|38285|1999
ASSENEDE|DE HAAN|60155|3745
ASSENEDE|DE PANNE|100980|4508
ASSENEDE|DE PINTE|37110|2063
ASSENEDE|DEERLIJK|68354|2960
ASSENEDE|DEINZE|40537|2368
ASSENEDE|DENDERLEEUW|64138|3061
ASSENEDE|DENDERMONDE|56292|2852
ASSENEDE|DENTERGEM|54614|3000
ASSENEDE|DESSEL|112005|4450
ASSENEDE|DESTELBERGEN|31235|1704
ASSENEDE|DIEPENBEEK|140503|5158
ASSENEDE|DIEST|115613|4798
ASSENEDE|DIKSMUIDE|88624|4035
ASSENEDE|DILBEEK|79886|3392
ASSENEDE|DILSEN-STOKKEM|155835|5736
ASSENEDE|DROGENBOS|87127|3628
ASSENEDE|DUFFEL|70120|2939
ASSENEDE|EDEGEM|60845|2654
ASSENEDE|EEKLO|15917|1068
ASSENEDE|ERPE-MERE|54746|2653
ASSENEDE|ESSEN|72092|3569
ASSENEDE|EVERGEM|17789|1117
ASSENEDE|GALMAARDEN|74694|4042
ASSENEDE|GAVERE|44028|2450
ASSENEDE|GEEL|98666|4076
ASSENEDE|GEETBETS|139811|5344
ASSENEDE|GENK|142858|5261
ASSENEDE|GENT|24115|1717
ASSENEDE|GERAARDSBERGEN|67925|3654
ASSENEDE|GINGELOM|146747|5169
ASSENEDE|GISTEL|72657|3433
ASSENEDE|GLABBEEK|130592|5125
ASSENEDE|GOOIK|79596|3756
ASSENEDE|GRIMBERGEN|83899|3596
ASSENEDE|GROBBENDONK|83292|3311
ASSENEDE|HAACHT|89558|3963
ASSENEDE|HAALTERT|61137|2830
ASSENEDE|HALEN|132965|4894
ASSENEDE|HALLE|99663|4130
ASSENEDE|HAM|115356|4431
ASSENEDE|HAMME|44888|2632
ASSENEDE|HAMONT-ACHEL|146570|6057
ASSENEDE|HARELBEKE|72527|3244
ASSENEDE|HASSELT|133004|4969
ASSENEDE|HECHTEL-EKSEL|127597|5236
ASSENEDE|HEERS|165125|5766
ASSENEDE|HEIST-OP-DEN-BERG|90670|4136
ASSENEDE|HEMIKSEM|58805|2720
ASSENEDE|HERENT|96436|4143
ASSENEDE|HERENTALS|85432|3489
ASSENEDE|HERENTHOUT|85152|3508
ASSENEDE|HERK-DE-STAD|129541|5134
ASSENEDE|HERNE|80782|3941
ASSENEDE|HERSELT|98792|4211
ASSENEDE|HERSTAPPE|168563|5847
ASSENEDE|HERZELE|60816|3048
ASSENEDE|HEUSDEN-ZOLDER|122976|4938
ASSENEDE|HEUVELLAND|113793|4757
ASSENEDE|HOEGAARDEN|130354|4786
ASSENEDE|HOEILAART|105031|4016
ASSENEDE|HOESELT|147077|5395
ASSENEDE|HOLSBEEK|117156|4223
ASSENEDE|HOOGLEDE|70744|3918
ASSENEDE|HOOGSTRATEN|90388|3557
ASSENEDE|HOREBEKE|61168|3367
ASSENEDE|HOUTHALEN-HELCHTEREN|131586|4852
ASSENEDE|HOUTHULST|88969|4444
ASSENEDE|HOVE|65950|2864
ASSENEDE|HULDENBERG|113736|4326
ASSENEDE|HULSHOUT|96478|4173
ASSENEDE|ICHTEGEM|70798|3716
ASSENEDE|IEPER|106395|4370
ASSENEDE|INGELMUNSTER|62217|3417
ASSENEDE|IZEGEM|79697|3687
ASSENEDE|JABBEKE|58997|2890
ASSENEDE|KALMTHOUT|64387|3051
ASSENEDE|KAMPENHOUT|87426|3613
ASSENEDE|KAPELLEN|57691|2525
ASSENEDE|KAPELLE-OP-DEN-BOS|74952|3249
ASSENEDE|KAPRIJKE|11293|740
ASSENEDE|KASTERLEE|102848|3904
ASSENEDE|KEERBERGEN|86980|3782
ASSENEDE|KINROOI|168995|6727
ASSENEDE|KLUISBERGEN|64561|3546
ASSENEDE|KNESSELARE|32414|1666
ASSENEDE|KNOKKE-HEIST|42705|2358
ASSENEDE|KOEKELARE|80047|3818
ASSENEDE|KOKSIJDE|95783|4270
ASSENEDE|KONTICH|62790|2548
ASSENEDE|KORTEMARK|69813|3627
ASSENEDE|KORTENAKEN|144124|5308
ASSENEDE|KORTENBERG|94628|3751
ASSENEDE|KORTESSEM|141481|5168
ASSENEDE|KORTRIJK|76673|3150
ASSENEDE|KRAAINEM|94583|3565
ASSENEDE|KRUIBEKE|54404|2241
ASSENEDE|KRUISHOUTEM|56943|2525
ASSENEDE|KUURNE|75512|3481
ASSENEDE|LAAKDAL|102838|3918
ASSENEDE|LAARNE|34957|1881
ASSENEDE|LANAKEN|156829|6038
ASSENEDE|LANDEN|145795|5217
ASSENEDE|LANGEMARK-POELKAPELLE|108330|4352
ASSENEDE|LEBBEKE|56271|3241
ASSENEDE|LEDE|57794|2738
ASSENEDE|LEDEGEM|91589|3942
ASSENEDE|LENDELEDE|78229|3569
ASSENEDE|LENNIK|79227|3841
ASSENEDE|LEOPOLDSBURG|119989|4850
ASSENEDE|LEUVEN|112356|4440
ASSENEDE|LICHTERVELDE|69036|3299
ASSENEDE|LIEDEKERKE|68763|3047
ASSENEDE|LIER|77843|3564
ASSENEDE|LIERDE|64724|3361
ASSENEDE|LILLE|87155|3323
ASSENEDE|LINKEBEEK|90783|4121
ASSENEDE|LINT|66816|2977
ASSENEDE|LINTER|140012|5293
ASSENEDE|LOCHRISTI|24295|1635
ASSENEDE|LOKEREN|30994|2054
ASSENEDE|LOMMEL|124095|5499
ASSENEDE|LONDERZEEL|75351|3242
ASSENEDE|LO-RENINGE|106128|4981
ASSENEDE|LOVENDEGEM|26916|1559
ASSENEDE|LUBBEEK|126008|4886
ASSENEDE|LUMMEN|122589|4557
ASSENEDE|MAARKEDAL|57998|3222
ASSENEDE|MAASEIK|165920|6417
ASSENEDE|MAASMECHELEN|156123|5700
ASSENEDE|MACHELEN|89899|3482
ASSENEDE|MALDEGEM|25953|1414
ASSENEDE|MALLE|83260|3354
ASSENEDE|MECHELEN|73115|2962
ASSENEDE|MEERHOUT|105311|4164
ASSENEDE|MEEUWEN-GRUITRODE|152441|5827
ASSENEDE|MEISE|82043|3434
ASSENEDE|MELLE|36869|1762
ASSENEDE|MENEN|89139|3754
ASSENEDE|MERCHTEM|87414|3834
ASSENEDE|MERELBEKE|35935|1874
ASSENEDE|MERKSPLAS|98327|4114
ASSENEDE|MESEN|105759|4427
ASSENEDE|MEULEBEKE|58592|3169
ASSENEDE|MIDDELKERKE|82167|3811
ASSENEDE|MOERBEKE|19766|980
ASSENEDE|MOL|108753|4779
ASSENEDE|MOORSLEDE|87369|4166
ASSENEDE|MORTSEL|58535|2973
ASSENEDE|NAZARETH|41525|2383
ASSENEDE|NEERPELT|147008|5681
ASSENEDE|NEVELE|41091|2218
ASSENEDE|NIEL|63608|2838
ASSENEDE|NIEUWERKERKEN|141573|5697
ASSENEDE|NIEUWPOORT|86851|3831
ASSENEDE|NIJLEN|77315|3226
ASSENEDE|NINOVE|68796|3234
ASSENEDE|OLEN|88048|3427
ASSENEDE|OOSTENDE|70339|3207
ASSENEDE|OOSTERZELE|45687|2267
ASSENEDE|OOSTKAMP|44233|2652
ASSENEDE|OOSTROZEBEKE|60631|3331
ASSENEDE|OPGLABBEEK|147570|5572
ASSENEDE|OPWIJK|63869|3817
ASSENEDE|OUDENAARDE|52586|2902
ASSENEDE|OUDENBURG|66418|3178
ASSENEDE|OUD-HEVERLEE|108134|4180
ASSENEDE|OUD-TURNHOUT|100531|3933
ASSENEDE|OVERIJSE|107725|4101
ASSENEDE|OVERPELT|131416|5801
ASSENEDE|PEER|133748|5728
ASSENEDE|PEPINGEN|81207|3946
ASSENEDE|PITTEM|55909|3005
ASSENEDE|POPERINGE|118673|4914
ASSENEDE|PUTTE|82955|3409
ASSENEDE|PUURS|55228|3051
ASSENEDE|RANST|66913|3003
ASSENEDE|RAVELS|105763|4260
ASSENEDE|RETIE|106728|4032
ASSENEDE|RIEMST|158922|5778
ASSENEDE|RIJKEVORSEL|89373|3712
ASSENEDE|ROESELARE|66642|3673
ASSENEDE|RONSE|64217|3477
ASSENEDE|ROOSDAAL|72574|3424
ASSENEDE|ROTSELAAR|118648|4453
ASSENEDE|RUISELEDE|43986|2355
ASSENEDE|RUMST|67190|2652
ASSENEDE|SCHELLE|62135|2764
ASSENEDE|SCHERPENHEUVEL-ZICHEM|118825|5146
ASSENEDE|SCHILDE|69003|3062
ASSENEDE|SCHOTEN|64130|2905
ASSENEDE|SINT-AMANDS|56338|3391
ASSENEDE|SINT-GENESIUS-RODE|96731|4272
ASSENEDE|SINT-GILLIS-WAAS|31900|1496
ASSENEDE|SINT-KATELIJNE-WAVER|76595|3075
ASSENEDE|SINT-LAUREINS|21130|1259
ASSENEDE|SINT-LIEVENS-HOUTEM|49571|2506
ASSENEDE|SINT-MARTENS-LATEM|35306|1928
ASSENEDE|SINT-NIKLAAS|37346|2206
ASSENEDE|SINT-PIETERS-LEEUW|89517|3889
ASSENEDE|SINT-TRUIDEN|147585|5728
ASSENEDE|SPIERE-HELKIJN|86576|3976
ASSENEDE|STABROEK|53020|2190
ASSENEDE|STADEN|77465|4282
ASSENEDE|STEENOKKERZEEL|91095|3545
ASSENEDE|STEKENE|25645|1531
ASSENEDE|TEMSE|45360|2435
ASSENEDE|TERNAT|70797|3091
ASSENEDE|TERVUREN|100605|3733
ASSENEDE|TESSENDERLO|108761|4397
ASSENEDE|TIELT|51123|2706
ASSENEDE|TIELT-WINGE|135516|4939
ASSENEDE|TIENEN|130336|4839
ASSENEDE|TONGEREN|158232|5740
ASSENEDE|TORHOUT|63333|3228
ASSENEDE|TREMELO|91771|4142
ASSENEDE|TURNHOUT|96796|3793
ASSENEDE|VEURNE|95018|4119
ASSENEDE|VILVOORDE|89913|3489
ASSENEDE|VLETEREN|108339|4757
ASSENEDE|VOEREN|176879|6934
ASSENEDE|VORSELAAR|86651|3665
ASSENEDE|VOSSELAAR|93956|3656
ASSENEDE|WAARSCHOOT|15281|1267
ASSENEDE|WAASMUNSTER|35998|2263
ASSENEDE|WACHTEBEKE|13686|820
ASSENEDE|WAREGEM|63682|2974
ASSENEDE|WELLEN|141147|5467
ASSENEDE|WEMMEL|82119|3473
ASSENEDE|WERVIK|93822|3881
ASSENEDE|WESTERLO|96552|4115
ASSENEDE|WETTEREN|40122|2281
ASSENEDE|WEVELGEM|83652|3463
ASSENEDE|WEZEMBEEK-OPPEM|95197|3459
ASSENEDE|WICHELEN|45404|2652
ASSENEDE|WIELSBEKE|68160|3098
ASSENEDE|WIJNEGEM|63586|2728
ASSENEDE|WILLEBROEK|68521|3022
ASSENEDE|WINGENE|48125|2725
ASSENEDE|WOMMELGEM|63639|2712
ASSENEDE|WORTEGEM-PETEGEM|64311|3038
ASSENEDE|WUUSTWEZEL|84413|3337
ASSENEDE|ZANDHOVEN|73447|2973
ASSENEDE|ZAVENTEM|91669|3461
ASSENEDE|ZEDELGEM|55915|2953
ASSENEDE|ZELE|49238|2399
ASSENEDE|ZELZATE|6667|699
ASSENEDE|ZEMST|80055|3228
ASSENEDE|ZINGEM|46500|2622
ASSENEDE|ZOERSEL|79726|3096
ASSENEDE|ZOMERGEM|26251|1860
ASSENEDE|ZONHOVEN|130675|4976
ASSENEDE|ZONNEBEKE|102516|4066
ASSENEDE|ZOTTEGEM|55374|2918
ASSENEDE|ZOUTLEEUW|142800|5418
ASSENEDE|ZUIENKERKE|54381|3043
ASSENEDE|ZULTE|60187|2827
ASSENEDE|ZUTENDAAL|148843|5531
ASSENEDE|ZWALM|51152|2961
ASSENEDE|ZWEVEGEM|74652|3136
ASSENEDE|ZWIJNDRECHT|51490|2132
AVELGEM|BAARLE-HERTOG|158200|6599
AVELGEM|BALEN|155877|6593
AVELGEM|BEERNEM|75428|3276
AVELGEM|BEERSE|137280|5421
AVELGEM|BEERSEL|78952|3395
AVELGEM|BEGIJNENDIJK|141871|5638
AVELGEM|BEKKEVOORT|146729|5520
AVELGEM|BERINGEN|160779|6204
AVELGEM|BERLAAR|128080|5543
AVELGEM|BERLARE|68836|3538
AVELGEM|BERTEM|113908|4568
AVELGEM|BEVER|49426|2428
AVELGEM|BEVEREN|89047|3924
AVELGEM|BIERBEEK|124456|5002
AVELGEM|BILZEN|190287|7008
AVELGEM|BLANKENBERGE|82769|3847
AVELGEM|BOCHOLT|205228|7929
AVELGEM|BOECHOUT|112077|4888
AVELGEM|BONHEIDEN|116398|5000
AVELGEM|BOOM|98106|4406
AVELGEM|BOORTMEERBEEK|115459|4876
AVELGEM|BORGLOON|181025|6976
AVELGEM|BORNEM|85981|3730
AVELGEM|BORSBEEK|107131|4520
AVELGEM|BOUTERSEM|129857|5006
AVELGEM|BRAKEL|27696|1813
AVELGEM|BRASSCHAAT|113027|4668
AVELGEM|BRECHT|128086|5024
AVELGEM|BREDENE|83608|3622
AVELGEM|BREE|202487|7883
AVELGEM|BRUGGE|73823|3497
AVELGEM|BUGGENHOUT|83807|4262
AVELGEM|DAMME|78576|3761
AVELGEM|DE HAAN|84051|3907
AVELGEM|DE PANNE|82180|4386
AVELGEM|DE PINTE|31947|1969
AVELGEM|DEERLIJK|13371|1073
AVELGEM|DEINZE|32529|1977
AVELGEM|DENDERLEEUW|72143|3370
AVELGEM|DENDERMONDE|75390|3598
AVELGEM|DENTERGEM|29222|1929
AVELGEM|DESSEL|156342|6272
AVELGEM|DESTELBERGEN|52635|2504
AVELGEM|DIEPENBEEK|183686|6762
AVELGEM|DIEST|150867|5843
AVELGEM|DIKSMUIDE|66823|3429
AVELGEM|DILBEEK|87891|3701
AVELGEM|DILSEN-STOKKEM|198894|7303
AVELGEM|DROGENBOS|81958|3587
AVELGEM|DUFFEL|114456|4761
AVELGEM|EDEGEM|105181|4476
AVELGEM|EEKLO|59583|3451
AVELGEM|ERPE-MERE|62750|2962
AVELGEM|ESSEN|137475|5970
AVELGEM|EVERGEM|49870|2846
AVELGEM|GALMAARDEN|45774|3098
AVELGEM|GAVERE|26488|1653
AVELGEM|GEEL|143002|5898
AVELGEM|GEETBETS|161559|6272
AVELGEM|GENK|185918|6828
AVELGEM|GENT|47261|2560
AVELGEM|GERAARDSBERGEN|37696|2554
AVELGEM|GINGELOM|156523|5848
AVELGEM|GISTEL|86342|3581
AVELGEM|GLABBEEK|140368|5803
AVELGEM|GOOIK|69693|3481
AVELGEM|GRIMBERGEN|94290|3917
AVELGEM|GROBBENDONK|127629|5133
AVELGEM|HAACHT|116034|5205
AVELGEM|HAALTERT|69142|3138
AVELGEM|HALEN|154713|5822
AVELGEM|HALLE|70534|3092
AVELGEM|HAM|159693|6253
AVELGEM|HAMME|80270|3657
AVELGEM|HAMONT-ACHEL|190907|7879
AVELGEM|HARELBEKE|17367|1311
AVELGEM|HASSELT|176187|6573
AVELGEM|HECHTEL-EKSEL|171934|7058
AVELGEM|HEERS|174902|6444
AVELGEM|HEIST-OP-DEN-BERG|135006|5958
AVELGEM|HEMIKSEM|103141|4541
AVELGEM|HERENT|121351|4762
AVELGEM|HERENTALS|129768|5311
AVELGEM|HERENTHOUT|129489|5330
AVELGEM|HERK-DE-STAD|159349|6185
AVELGEM|HERNE|57448|2815
AVELGEM|HERSELT|146037|5901
AVELGEM|HERSTAPPE|178340|6525
AVELGEM|HERZELE|38887|2778
AVELGEM|HEUSDEN-ZOLDER|172393|6568
AVELGEM|HEUVELLAND|54638|2865
AVELGEM|HOEGAARDEN|140130|5465
AVELGEM|HOEILAART|101516|4341
AVELGEM|HOESELT|190261|6999
AVELGEM|HOLSBEEK|126933|4901
AVELGEM|HOOGLEDE|49461|2547
AVELGEM|HOOGSTRATEN|137572|5477
AVELGEM|HOREBEKE|20913|1358
AVELGEM|HOUTHALEN-HELCHTEREN|174645|6419
AVELGEM|HOUTHULST|58384|3031
AVELGEM|HOVE|110287|4686
AVELGEM|HULDENBERG|123513|5004
AVELGEM|HULSHOUT|140814|5995
AVELGEM|ICHTEGEM|65210|3216
AVELGEM|IEPER|47241|2478
AVELGEM|INGELMUNSTER|26623|1838
AVELGEM|IZEGEM|27186|1919
AVELGEM|JABBEKE|72682|3038
AVELGEM|KALMTHOUT|129608|5510
AVELGEM|KAMPENHOUT|108085|4549
AVELGEM|KAPELLEN|115364|4886
AVELGEM|KAPELLE-OP-DEN-BOS|104257|4376
AVELGEM|KAPRIJKE|64963|3855
AVELGEM|KASTERLEE|147184|5726
AVELGEM|KEERBERGEN|119443|5525
AVELGEM|KINROOI|212055|8294
AVELGEM|KLUISBERGEN|4844|427
AVELGEM|KNESSELARE|52202|3193
AVELGEM|KNOKKE-HEIST|90536|4405
AVELGEM|KOEKELARE|68341|3364
AVELGEM|KOKSIJDE|81452|4292
AVELGEM|KONTICH|107127|4370
AVELGEM|KORTEMARK|55344|2729
AVELGEM|KORTENAKEN|153901|5987
AVELGEM|KORTENBERG|108582|4485
AVELGEM|KORTESSEM|184665|6773
AVELGEM|KORTRIJK|17519|1258
AVELGEM|KRAAINEM|104359|4243
AVELGEM|KRUIBEKE|88551|3840
AVELGEM|KRUISHOUTEM|18749|1281
AVELGEM|KUURNE|19510|1510
AVELGEM|LAAKDAL|147174|5739
AVELGEM|LAARNE|54463|2668
AVELGEM|LANAKEN|199888|7605
AVELGEM|LANDEN|155572|5895
AVELGEM|LANGEMARK-POELKAPELLE|49176|2460
AVELGEM|LEBBEKE|80943|3981
AVELGEM|LEDE|65799|3047
AVELGEM|LEDEGEM|32435|2050
AVELGEM|LENDELEDE|23069|1636
AVELGEM|LENNIK|72183|3781
AVELGEM|LEOPOLDSBURG|164326|6672
AVELGEM|LEUVEN|122132|5118
AVELGEM|LICHTERVELDE|48259|2299
AVELGEM|LIEDEKERKE|76768|3356
AVELGEM|LIER|122180|5386
AVELGEM|LIERDE|32787|2108
AVELGEM|LILLE|131491|5145
AVELGEM|LINKEBEEK|82702|3808
AVELGEM|LINT|111152|4799
AVELGEM|LINTER|149789|5971
AVELGEM|LOCHRISTI|56903|2793
AVELGEM|LOKEREN|66733|3046
AVELGEM|LOMMEL|168432|7321
AVELGEM|LONDERZEEL|101023|4113
AVELGEM|LO-RENINGE|61395|3197
AVELGEM|LOVENDEGEM|50755|2905
AVELGEM|LUBBEEK|135785|5564
AVELGEM|LUMMEN|164458|6243
AVELGEM|MAARKEDAL|17743|1213
AVELGEM|MAASEIK|208980|7983
AVELGEM|MAASMECHELEN|199182|7267
AVELGEM|MACHELEN|102183|4253
AVELGEM|MALDEGEM|60028|3622
AVELGEM|MALLE|127597|5176
AVELGEM|MECHELEN|117452|4784
AVELGEM|MEERHOUT|149648|5986
AVELGEM|MEEUWEN-GRUITRODE|195500|7394
AVELGEM|MEISE|92687|3721
AVELGEM|MELLE|48666|2332
AVELGEM|MENEN|29985|1862
AVELGEM|MERCHTEM|89997|4310
AVELGEM|MERELBEKE|38251|2387
AVELGEM|MERKSPLAS|142663|5936
AVELGEM|MESEN|46605|2535
AVELGEM|MEULEBEKE|30425|2198
AVELGEM|MIDDELKERKE|95853|3959
AVELGEM|MOERBEKE|71833|3681
AVELGEM|MOL|153090|6601
AVELGEM|MOORSLEDE|37834|2256
AVELGEM|MORTSEL|102871|4795
AVELGEM|NAZARETH|29098|1754
AVELGEM|NEERPELT|191344|7503
AVELGEM|NEVELE|40827|2623
AVELGEM|NIEL|107944|4660
AVELGEM|NIEUWERKERKEN|169756|6782
AVELGEM|NIEUWPOORT|100537|3979
AVELGEM|NIJLEN|121651|5048
AVELGEM|NINOVE|47045|3082
AVELGEM|OLEN|132385|5249
AVELGEM|OOSTENDE|84024|3355
AVELGEM|OOSTERZELE|35288|2482
AVELGEM|OOSTKAMP|68870|3014
AVELGEM|OOSTROZEBEKE|21154|1731
AVELGEM|OPGLABBEEK|190629|7138
AVELGEM|OPWIJK|80423|4090
AVELGEM|OUDENAARDE|14616|1047
AVELGEM|OUDENBURG|80103|3326
AVELGEM|OUD-HEVERLEE|117911|4858
AVELGEM|OUD-TURNHOUT|144868|5755
AVELGEM|OVERIJSE|117502|4779
AVELGEM|OVERPELT|175753|7623
AVELGEM|PEER|190432|7385
AVELGEM|PEPINGEN|72322|3359
AVELGEM|PITTEM|35038|2429
AVELGEM|POPERINGE|59518|3022
AVELGEM|PUTTE|127292|5230
AVELGEM|PUURS|90643|4052
AVELGEM|RANST|111250|4825
AVELGEM|RAVELS|150099|6082
AVELGEM|RETIE|151064|5854
AVELGEM|RIEMST|202106|7383
AVELGEM|RIJKEVORSEL|133690|5622
AVELGEM|ROESELARE|41474|2226
AVELGEM|RONSE|15214|1098
AVELGEM|ROOSDAAL|53089|3546
AVELGEM|ROTSELAAR|128424|5131
AVELGEM|RUISELEDE|38199|2686
AVELGEM|RUMST|111526|4474
AVELGEM|SCHELLE|106471|4586
AVELGEM|SCHERPENHEUVEL-ZICHEM|146351|5767
AVELGEM|SCHILDE|113339|4884
AVELGEM|SCHOTEN|108467|4727
AVELGEM|SINT-AMANDS|84677|4425
AVELGEM|SINT-GENESIUS-RODE|81577|3827
AVELGEM|SINT-GILLIS-WAAS|87168|3979
AVELGEM|SINT-KATELIJNE-WAVER|120931|4897
AVELGEM|SINT-LAUREINS|68217|4111
AVELGEM|SINT-LIEVENS-HOUTEM|36844|2546
AVELGEM|SINT-MARTENS-LATEM|36330|2238
AVELGEM|SINT-NIKLAAS|78257|3222
AVELGEM|SINT-PIETERS-LEEUW|75794|3628
AVELGEM|SINT-TRUIDEN|158797|6651
AVELGEM|SPIERE-HELKIJN|9392|812
AVELGEM|STABROEK|115803|4706
AVELGEM|STADEN|49967|2806
AVELGEM|STEENOKKERZEEL|105118|4424
AVELGEM|STEKENE|81349|3963
AVELGEM|TEMSE|80776|3436
AVELGEM|TERNAT|78802|3400
AVELGEM|TERVUREN|110382|4411
AVELGEM|TESSENDERLO|153097|6219
AVELGEM|TIELT|36444|2547
AVELGEM|TIELT-WINGE|145292|5618
AVELGEM|TIENEN|140113|5517
AVELGEM|TONGEREN|182420|6978
AVELGEM|TORHOUT|57745|2727
AVELGEM|TREMELO|134262|5510
AVELGEM|TURNHOUT|141132|5615
AVELGEM|VEURNE|76826|4019
AVELGEM|VILVOORDE|97126|4080
AVELGEM|VLETEREN|59804|3054
AVELGEM|VOEREN|205234|7658
AVELGEM|VORSELAAR|130987|5487
AVELGEM|VOSSELAAR|138292|5478
AVELGEM|WAARSCHOOT|54897|3189
AVELGEM|WAASMUNSTER|72387|3145
AVELGEM|WACHTEBEKE|66479|3325
AVELGEM|WAREGEM|15875|1336
AVELGEM|WELLEN|184899|7138
AVELGEM|WEMMEL|90124|3782
AVELGEM|WERVIK|34668|1989
AVELGEM|WESTERLO|140888|5937
AVELGEM|WETTEREN|55202|2731
AVELGEM|WEVELGEM|24498|1572
AVELGEM|WEZEMBEEK-OPPEM|104974|4138
AVELGEM|WICHELEN|63213|3417
AVELGEM|WIELSBEKE|20353|1475
AVELGEM|WIJNEGEM|107923|4550
AVELGEM|WILLEBROEK|95230|4390
AVELGEM|WINGENE|43663|2973
AVELGEM|WOMMELGEM|107975|4534
AVELGEM|WORTEGEM-PETEGEM|12297|862
AVELGEM|WUUSTWEZEL|131597|5257
AVELGEM|ZANDHOVEN|117783|4795
AVELGEM|ZAVENTEM|101446|4139
AVELGEM|ZEDELGEM|62745|2919
AVELGEM|ZELE|68335|3145
AVELGEM|ZELZATE|70813|3471
AVELGEM|ZEMST|110168|4509
AVELGEM|ZINGEM|22576|1507
AVELGEM|ZOERSEL|124063|4917
AVELGEM|ZOMERGEM|65399|3150
AVELGEM|ZONHOVEN|173735|6542
AVELGEM|ZONNEBEKE|43362|2175
AVELGEM|ZOTTEGEM|31090|2096
AVELGEM|ZOUTLEEUW|152577|6096
AVELGEM|ZUIENKERKE|78505|3460
AVELGEM|ZULTE|21431|1627
AVELGEM|ZUTENDAAL|191902|7098
AVELGEM|ZWALM|26072|1856
AVELGEM|ZWEVEGEM|10548|795
AVELGEM|ZWIJNDRECHT|92467|3811
BAARLE-HERTOG|BALEN|49388|3143
BAARLE-HERTOG|BEERNEM|152380|6071
BAARLE-HERTOG|BEERSE|17881|1371
BAARLE-HERTOG|BEERSEL|124684|5061
BAARLE-HERTOG|BEGIJNENDIJK|58707|4103
BAARLE-HERTOG|BEKKEVOORT|84897|4057
BAARLE-HERTOG|BERINGEN|62045|3396
BAARLE-HERTOG|BERLAAR|59127|3377
BAARLE-HERTOG|BERLARE|107506|4920
BAARLE-HERTOG|BERTEM|111977|4628
BAARLE-HERTOG|BEVER|159690|6348
BAARLE-HERTOG|BEVEREN|75430|3657
BAARLE-HERTOG|BIERBEEK|122526|5062
BAARLE-HERTOG|BILZEN|92706|4417
BAARLE-HERTOG|BLANKENBERGE|177937|7231
BAARLE-HERTOG|BOCHOLT|100607|4396
BAARLE-HERTOG|BOECHOUT|60954|3174
BAARLE-HERTOG|BONHEIDEN|85730|4030
BAARLE-HERTOG|BOOM|74135|3571
BAARLE-HERTOG|BOORTMEERBEEK|94957|4293
BAARLE-HERTOG|BORGLOON|96788|4765
BAARLE-HERTOG|BORNEM|90227|4088
BAARLE-HERTOG|BORSBEEK|56008|2806
BAARLE-HERTOG|BOUTERSEM|127927|5066
BAARLE-HERTOG|BRAKEL|149355|6589
BAARLE-HERTOG|BRASSCHAAT|42049|2751
BAARLE-HERTOG|BRECHT|28602|1953
BAARLE-HERTOG|BREDENE|178308|6951
BAARLE-HERTOG|BREE|101896|4581
BAARLE-HERTOG|BRUGGE|168991|6881
BAARLE-HERTOG|BUGGENHOUT|90928|4652
BAARLE-HERTOG|DAMME|139424|6288
BAARLE-HERTOG|DE HAAN|178750|7236
BAARLE-HERTOG|DE PANNE|209365|7985
BAARLE-HERTOG|DE PINTE|125930|5181
BAARLE-HERTOG|DEERLIJK|151716|5954
BAARLE-HERTOG|DENDERLEEUW|126321|5209
BAARLE-HERTOG|DENDERMONDE|97775|4682
BAARLE-HERTOG|DENTERGEM|146309|6003
BAARLE-HERTOG|DESSEL|30050|2178
BAARLE-HERTOG|DESTELBERGEN|113603|4691
BAARLE-HERTOG|DIEPENBEEK|86105|4172
BAARLE-HERTOG|DIEST|57718|3758
BAARLE-HERTOG|DIKSMUIDE|197009|7512
BAARLE-HERTOG|DILBEEK|114090|4766
BAARLE-HERTOG|DILSEN-STOKKEM|101437|4750
BAARLE-HERTOG|DROGENBOS|121331|5002
BAARLE-HERTOG|DUFFEL|63369|3599
BAARLE-HERTOG|EDEGEM|64685|3212
BAARLE-HERTOG|EEKLO|117056|5357
BAARLE-HERTOG|ERPE-MERE|135161|5555
BAARLE-HERTOG|ESSEN|52852|2527
BAARLE-HERTOG|EVERGEM|111809|5137
BAARLE-HERTOG|GALMAARDEN|143569|6551
BAARLE-HERTOG|GAVERE|131291|5465
BAARLE-HERTOG|GEEL|34315|2288
BAARLE-HERTOG|GEETBETS|85413|4358
BAARLE-HERTOG|GENK|88461|4275
BAARLE-HERTOG|GENT|120204|5191
BAARLE-HERTOG|GERAARDSBERGEN|148340|6556
BAARLE-HERTOG|GINGELOM|101391|5110
BAARLE-HERTOG|GISTEL|181042|6910
BAARLE-HERTOG|GLABBEEK|93835|4582
BAARLE-HERTOG|GOOIK|128833|5606
BAARLE-HERTOG|GRIMBERGEN|94492|4436
BAARLE-HERTOG|GROBBENDONK|41477|2606
BAARLE-HERTOG|HAACHT|97405|4701
BAARLE-HERTOG|HAALTERT|131150|5349
BAARLE-HERTOG|HALEN|78567|3908
BAARLE-HERTOG|HALLE|133867|5504
BAARLE-HERTOG|HAM|60959|3445
BAARLE-HERTOG|HAMME|89119|4166
BAARLE-HERTOG|HAMONT-ACHEL|64617|3806
BAARLE-HERTOG|HARELBEKE|155889|6238
BAARLE-HERTOG|HASSELT|78606|3983
BAARLE-HERTOG|HECHTEL-EKSEL|76799|3786
BAARLE-HERTOG|HEERS|103977|5284
BAARLE-HERTOG|HEIST-OP-DEN-BERG|52766|3722
BAARLE-HERTOG|HEMIKSEM|69376|3438
BAARLE-HERTOG|HERENT|104283|4881
BAARLE-HERTOG|HERENTALS|40383|2639
BAARLE-HERTOG|HERENTHOUT|45223|3144
BAARLE-HERTOG|HERK-DE-STAD|75143|4148
BAARLE-HERTOG|HERNE|153598|6297
BAARLE-HERTOG|HERSELT|50381|3395
BAARLE-HERTOG|HERSTAPPE|103806|5351
BAARLE-HERTOG|HERZELE|142713|5928
BAARLE-HERTOG|HEUSDEN-ZOLDER|68578|3952
BAARLE-HERTOG|HEUVELLAND|197155|7751
BAARLE-HERTOG|HOEGAARDEN|138200|5525
BAARLE-HERTOG|HOEILAART|112877|4754
BAARLE-HERTOG|HOESELT|92680|4409
BAARLE-HERTOG|HOLSBEEK|103671|4644
BAARLE-HERTOG|HOOGLEDE|185194|7280
BAARLE-HERTOG|HOOGSTRATEN|15038|1137
BAARLE-HERTOG|HOREBEKE|148431|6382
BAARLE-HERTOG|HOUTHALEN-HELCHTEREN|77188|3866
BAARLE-HERTOG|HOUTHULST|197353|7921
BAARLE-HERTOG|HOVE|62253|3461
BAARLE-HERTOG|HULDENBERG|121582|5064
BAARLE-HERTOG|HULSHOUT|50500|3643
BAARLE-HERTOG|ICHTEGEM|179182|7194
BAARLE-HERTOG|IEPER|189757|7364
BAARLE-HERTOG|INGELMUNSTER|159792|6562
BAARLE-HERTOG|IZEGEM|165708|6846
BAARLE-HERTOG|JABBEKE|167381|6368
BAARLE-HERTOG|KALMTHOUT|41459|2866
BAARLE-HERTOG|KAMPENHOUT|95273|4351
BAARLE-HERTOG|KAPELLEN|49333|3073
BAARLE-HERTOG|KAPELLE-OP-DEN-BOS|85545|4088
BAARLE-HERTOG|KAPRIJKE|112432|5029
BAARLE-HERTOG|KASTERLEE|24412|1627
BAARLE-HERTOG|KEERBERGEN|94827|4520
BAARLE-HERTOG|KINROOI|109386|4383
BAARLE-HERTOG|KLUISBERGEN|151824|6561
BAARLE-HERTOG|KNESSELARE|133553|5955
BAARLE-HERTOG|KNOKKE-HEIST|143844|6647
BAARLE-HERTOG|KOEKELARE|188432|7295
BAARLE-HERTOG|KOKSIJDE|204168|7748
BAARLE-HERTOG|KONTICH|70637|3286
BAARLE-HERTOG|KORTEMARK|178198|7104
BAARLE-HERTOG|KORTENAKEN|91905|4501
BAARLE-HERTOG|KORTENBERG|102475|4490
BAARLE-HERTOG|KORTESSEM|87084|4182
BAARLE-HERTOG|KORTRIJK|160035|6144
BAARLE-HERTOG|KRAAINEM|102429|4303
BAARLE-HERTOG|KRUIBEKE|73106|3459
BAARLE-HERTOG|KRUISHOUTEM|140305|5519
BAARLE-HERTOG|KUURNE|158874|6475
BAARLE-HERTOG|LAAKDAL|44942|2878
BAARLE-HERTOG|LAARNE|110174|4710
BAARLE-HERTOG|LANAKEN|102431|5052
BAARLE-HERTOG|LANDEN|104803|5478
BAARLE-HERTOG|LANGEMARK-POELKAPELLE|191692|7346
BAARLE-HERTOG|LEBBEKE|100503|4775
BAARLE-HERTOG|LEDE|114938|5466
BAARLE-HERTOG|LEDEGEM|174951|6936
BAARLE-HERTOG|LENDELEDE|161591|6563
BAARLE-HERTOG|LENNIK|126125|5422
BAARLE-HERTOG|LEOPOLDSBURG|58907|3827
BAARLE-HERTOG|LEUVEN|120202|5178
BAARLE-HERTOG|LICHTERVELDE|177421|6776
BAARLE-HERTOG|LIEDEKERKE|125933|5164
BAARLE-HERTOG|LIER|61261|3517
BAARLE-HERTOG|LIERDE|145139|6263
BAARLE-HERTOG|LILLE|31814|1859
BAARLE-HERTOG|LINKEBEEK|120806|5456
BAARLE-HERTOG|LINT|62852|3593
BAARLE-HERTOG|LINTER|94579|4982
BAARLE-HERTOG|LOCHRISTI|112224|4795
BAARLE-HERTOG|LOKEREN|97217|4288
BAARLE-HERTOG|LOMMEL|49546|3491
BAARLE-HERTOG|LONDERZEEL|85944|4081
BAARLE-HERTOG|LO-RENINGE|203911|8083
BAARLE-HERTOG|LOVENDEGEM|120936|5579
BAARLE-HERTOG|LUBBEEK|75561|5055
BAARLE-HERTOG|LUMMEN|68191|3571
BAARLE-HERTOG|MAARKEDAL|145261|6237
BAARLE-HERTOG|MAASEIK|111052|4539
BAARLE-HERTOG|MAASMECHELEN|101725|4714
BAARLE-HERTOG|MACHELEN|97746|4220
BAARLE-HERTOG|MALDEGEM|127092|5702
BAARLE-HERTOG|MALLE|28995|2059
BAARLE-HERTOG|MECHELEN|80962|3700
BAARLE-HERTOG|MEERHOUT|44464|2801
BAARLE-HERTOG|MEEUWEN-GRUITRODE|90489|4630
BAARLE-HERTOG|MEISE|92636|4274
BAARLE-HERTOG|MELLE|115599|4657
BAARLE-HERTOG|MENEN|172501|6748
BAARLE-HERTOG|MERCHTEM|98008|4674
BAARLE-HERTOG|MERELBEKE|119870|4952
BAARLE-HERTOG|MERKSPLAS|12867|868
BAARLE-HERTOG|MESEN|189121|7421
BAARLE-HERTOG|MEULEBEKE|157443|6762
BAARLE-HERTOG|MIDDELKERKE|190552|7289
BAARLE-HERTOG|MOERBEKE|91958|4219
BAARLE-HERTOG|MOL|35524|2605
BAARLE-HERTOG|MOORSLEDE|180350|7142
BAARLE-HERTOG|MORTSEL|61299|3237
BAARLE-HERTOG|NAZARETH|130129|5468
BAARLE-HERTOG|NEERPELT|65055|3430
BAARLE-HERTOG|NEVELE|136168|5499
BAARLE-HERTOG|NIEL|74201|3678
BAARLE-HERTOG|NIEUWERKERKEN|87175|4711
BAARLE-HERTOG|NIEUWPOORT|195236|7308
BAARLE-HERTOG|NIJLEN|52698|2882
BAARLE-HERTOG|NINOVE|138808|5754
BAARLE-HERTOG|OLEN|45811|2800
BAARLE-HERTOG|OOSTENDE|178724|6684
BAARLE-HERTOG|OOSTERZELE|126102|5169
BAARLE-HERTOG|OOSTKAMP|156915|6166
BAARLE-HERTOG|OOSTROZEBEKE|154984|6393
BAARLE-HERTOG|OPGLABBEEK|93172|4586
BAARLE-HERTOG|OPWIJK|102161|5092
BAARLE-HERTOG|OUDENAARDE|139849|5917
BAARLE-HERTOG|OUDENBURG|174802|6655
BAARLE-HERTOG|OUD-HEVERLEE|115980|4918
BAARLE-HERTOG|OUD-TURNHOUT|15635|1123
BAARLE-HERTOG|OVERIJSE|115572|4839
BAARLE-HERTOG|OVERPELT|67082|3535
BAARLE-HERTOG|PEER|80181|4067
BAARLE-HERTOG|PEPINGEN|128571|5596
BAARLE-HERTOG|PITTEM|156058|6831
BAARLE-HERTOG|POPERINGE|202034|7908
BAARLE-HERTOG|PUTTE|69845|4069
BAARLE-HERTOG|PUURS|82720|3965
BAARLE-HERTOG|RANST|51756|2871
BAARLE-HERTOG|RAVELS|10654|828
BAARLE-HERTOG|RETIE|24772|1760
BAARLE-HERTOG|RIEMST|104524|4792
BAARLE-HERTOG|RIJKEVORSEL|20544|1409
BAARLE-HERTOG|ROESELARE|183990|7111
BAARLE-HERTOG|RONSE|151481|6492
BAARLE-HERTOG|ROOSDAAL|129744|5542
BAARLE-HERTOG|ROTSELAAR|68966|4840
BAARLE-HERTOG|RUISELEDE|146788|6305
BAARLE-HERTOG|RUMST|75036|3390
BAARLE-HERTOG|SCHELLE|72728|3604
BAARLE-HERTOG|SCHERPENHEUVEL-ZICHEM|58321|4034
BAARLE-HERTOG|SCHILDE|50203|2685
BAARLE-HERTOG|SCHOTEN|46550|2705
BAARLE-HERTOG|SINT-AMANDS|88743|4508
BAARLE-HERTOG|SINT-GENESIUS-RODE|120772|5401
BAARLE-HERTOG|SINT-GILLIS-WAAS|79470|3985
BAARLE-HERTOG|SINT-KATELIJNE-WAVER|84441|3814
BAARLE-HERTOG|SINT-LAUREINS|122269|5548
BAARLE-HERTOG|SINT-LIEVENS-HOUTEM|129987|5408
BAARLE-HERTOG|SINT-MARTENS-LATEM|124913|5184
BAARLE-HERTOG|SINT-NIKLAAS|84477|3671
BAARLE-HERTOG|SINT-PIETERS-LEEUW|123721|5263
BAARLE-HERTOG|SINT-TRUIDEN|93187|4741
BAARLE-HERTOG|SPIERE-HELKIJN|169938|6969
BAARLE-HERTOG|STABROEK|57539|2989
BAARLE-HERTOG|STADEN|193696|7665
BAARLE-HERTOG|STEENOKKERZEEL|98941|4283
BAARLE-HERTOG|STEKENE|84421|4203
BAARLE-HERTOG|TIENEN|99366|4931
BAARLE-HERTOG|TONGEREN|103834|4754
BAARLE-HERTOG|TORHOUT|171717|6705
BAARLE-HERTOG|TREMELO|66699|4597
BAARLE-HERTOG|TURNHOUT|14104|1107
BAARLE-HERTOG|VEURNE|203403|7596
BAARLE-HERTOG|VILVOORDE|97760|4227
BAARLE-HERTOG|VLETEREN|202320|7940
BAARLE-HERTOG|VOEREN|122482|5948
BAARLE-HERTOG|VORSELAAR|38820|2417
BAARLE-HERTOG|VOSSELAAR|19531|1397
BAARLE-HERTOG|WAARSCHOOT|116420|5564
BAARLE-HERTOG|WAASMUNSTER|90448|3935
BAARLE-HERTOG|WACHTEBEKE|96241|4507
BAARLE-HERTOG|WAREGEM|147044|5968
BAARLE-HERTOG|WELLEN|86749|4481
BAARLE-HERTOG|WEMMEL|99578|4595
BAARLE-HERTOG|WERVIK|177184|6875
BAARLE-HERTOG|WESTERLO|45021|2986
BAARLE-HERTOG|WETTEREN|113436|4996
BAARLE-HERTOG|WEVELGEM|167014|6457
BAARLE-HERTOG|WEZEMBEEK-OPPEM|103043|4198
BAARLE-HERTOG|WICHELEN|111253|5223
BAARLE-HERTOG|WIELSBEKE|151522|6092
BAARLE-HERTOG|WIJNEGEM|57327|2949
BAARLE-HERTOG|WILLEBROEK|79114|3862
BAARLE-HERTOG|WINGENE|156852|6285
BAARLE-HERTOG|WOMMELGEM|56941|2838
BAARLE-HERTOG|WORTEGEM-PETEGEM|147673|6032
BAARLE-HERTOG|WUUSTWEZEL|29679|2214
BAARLE-HERTOG|ZANDHOVEN|41596|2279
BAARLE-HERTOG|ZAVENTEM|99515|4199
BAARLE-HERTOG|ZEDELGEM|164299|6431
BAARLE-HERTOG|ZELE|97054|4279
BAARLE-HERTOG|ZELZATE|100516|4630
BAARLE-HERTOG|ZEMST|87901|3966
BAARLE-HERTOG|ZINGEM|133763|5637
BAARLE-HERTOG|ZOERSEL|30171|2112
BAARLE-HERTOG|ZOMERGEM|142564|5934
BAARLE-HERTOG|ZONHOVEN|76278|3990
BAARLE-HERTOG|ZONNEBEKE|185878|7060
BAARLE-HERTOG|ZOTTEGEM|135789|5820
BAARLE-HERTOG|ZOUTLEEUW|93955|5016
BAARLE-HERTOG|ZUIENKERKE|173673|6844
BAARLE-HERTOG|ZULTE|143549|5821
BAARLE-HERTOG|ZUTENDAAL|94445|4545
BAARLE-HERTOG|ZWALM|135087|6039
BAARLE-HERTOG|ZWEVEGEM|158014|6130
BAARLE-HERTOG|ZWIJNDRECHT|69182|3333
BALEN|BEERNEM|150106|5971
BALEN|BEERSE|42655|2495
BALEN|BEERSEL|119094|4647
BALEN|BEGIJNENDIJK|37105|2728
BALEN|BEKKEVOORT|44706|2089
BALEN|BERINGEN|17171|1228
BALEN|BERLAAR|42237|2508
BALEN|BERLARE|105232|4821
BALEN|BERTEM|77795|3283
BALEN|BEVER|154100|5934
BALEN|BEVEREN|73156|3558
BALEN|BIERBEEK|83172|3527
BALEN|BILZEN|52515|2449
BALEN|BLANKENBERGE|175662|7132
BALEN|BOCHOLT|34478|2193
BALEN|BOECHOUT|53242|3080
BALEN|BONHEIDEN|57891|3758
BALEN|BOOM|71861|3472
BALEN|BOORTMEERBEEK|81597|3875
BALEN|BORGLOON|56597|2798
BALEN|BORNEM|87952|3989
BALEN|BORSBEEK|53734|2706
BALEN|BOUTERSEM|61479|3271
BALEN|BRAKEL|147080|6489
BALEN|BRASSCHAAT|67161|3226
BALEN|BRECHT|60605|3460
BALEN|BREDENE|176033|6852
BALEN|BREE|33705|2197
BALEN|BRUGGE|166716|6781
BALEN|BUGGENHOUT|88653|4553
BALEN|DAMME|146135|6278
BALEN|DE HAAN|176476|7137
BALEN|DE PANNE|207090|7886
BALEN|DE PINTE|123656|5082
BALEN|DEERLIJK|149441|5854
BALEN|DEINZE|135024|5568
BALEN|DENDERLEEUW|120731|4795
BALEN|DENDERMONDE|95501|4582
BALEN|DENTERGEM|144035|5904
BALEN|DESSEL|10386|1009
BALEN|DESTELBERGEN|111328|4591
BALEN|DIEPENBEEK|45914|2204
BALEN|DIEST|30499|2131
BALEN|DIKSMUIDE|194734|7413
BALEN|DILBEEK|108500|4352
BALEN|DILSEN-STOKKEM|49856|3012
BALEN|DROGENBOS|115740|4588
BALEN|DUFFEL|57313|3218
BALEN|EDEGEM|62410|3113
BALEN|EEKLO|123766|5347
BALEN|ERPE-MERE|131999|5166
BALEN|GEEL|13637|1094
BALEN|GEETBETS|45222|2391
BALEN|GENK|48269|2308
BALEN|GENT|117929|5092
BALEN|GERAARDSBERGEN|147889|6262
BALEN|GINGELOM|61200|3142
BALEN|GISTEL|178767|6810
BALEN|GLABBEEK|53644|2615
BALEN|GOOIK|123243|5193
BALEN|GRIMBERGEN|98734|4027
BALEN|GROBBENDONK|35719|2013
BALEN|HAACHT|50175|3614
BALEN|HAALTERT|125559|4935
BALEN|HALEN|38376|1941
BALEN|HALLE|128277|5090
BALEN|HAM|9014|703
BALEN|HAMME|86845|4067
BALEN|HAMONT-ACHEL|33525|2248
BALEN|HARELBEKE|153615|6138
BALEN|HASSELT|38415|2015
BALEN|HECHTEL-EKSEL|16400|1018
BALEN|HEERS|63786|3316
BALEN|HEIST-OP-DEN-BERG|38792|2544
BALEN|HEMIKSEM|67102|3339
BALEN|HERENT|69803|2967
BALEN|HERENTALS|27545|2074
BALEN|HERENTHOUT|34466|1962
BALEN|HERK-DE-STAD|34952|2180
BALEN|HERNE|148007|5883
BALEN|HERSELT|28778|2021
BALEN|HERSTAPPE|63615|3384
BALEN|HERZELE|137122|5514
BALEN|HEUSDEN-ZOLDER|20775|1577
BALEN|HEUVELLAND|194880|7651
BALEN|HOEGAARDEN|67823|3706
BALEN|HOEILAART|98065|4011
BALEN|HOESELT|52489|2441
BALEN|HOLSBEEK|63480|2676
BALEN|HOOGLEDE|182920|7181
BALEN|HOOGSTRATEN|51569|3308
BALEN|HOREBEKE|146157|6282
BALEN|HOUTHALEN-HELCHTEREN|27135|1746
BALEN|HOUTHULST|195079|7822
BALEN|HOVE|56378|3326
BALEN|HULDENBERG|84008|3745
BALEN|HULSHOUT|34145|2474
BALEN|ICHTEGEM|176908|7094
BALEN|IEPER|187482|7264
BALEN|INGELMUNSTER|157517|6463
BALEN|IZEGEM|163434|6746
BALEN|JABBEKE|165107|6268
BALEN|KALMTHOUT|83742|4068
BALEN|KAMPENHOUT|81407|3828
BALEN|KAPELLEN|69498|3444
BALEN|KAPELLE-OP-DEN-BOS|83270|3989
BALEN|KAPRIJKE|119142|5019
BALEN|KASTERLEE|25501|1625
BALEN|KEERBERGEN|48166|3431
BALEN|KINROOI|43273|2608
BALEN|KLUISBERGEN|149550|6462
BALEN|KNESSELARE|140264|5945
BALEN|KNOKKE-HEIST|150555|6637
BALEN|KOEKELARE|186157|7196
BALEN|KOKSIJDE|201893|7648
BALEN|KONTICH|68362|3187
BALEN|KORTEMARK|175923|7004
BALEN|KORTENAKEN|51714|2533
BALEN|KORTENBERG|78705|3463
BALEN|KORTESSEM|46892|2214
BALEN|KORTRIJK|157760|6044
BALEN|KRAAINEM|87490|3530
BALEN|KRUIBEKE|70831|3360
BALEN|KRUISHOUTEM|138030|5419
BALEN|KUURNE|156599|6376
BALEN|LAAKDAL|18070|1308
BALEN|LAARNE|107899|4611
BALEN|LANAKEN|62240|3085
BALEN|LANDEN|64612|3511
BALEN|LANGEMARK-POELKAPELLE|189417|7246
BALEN|LEBBEKE|98228|4675
BALEN|LEDE|112664|5366
BALEN|LEDEGEM|172676|6836
BALEN|LENDELEDE|159316|6463
BALEN|LENNIK|120535|5008
BALEN|LEOPOLDSBURG|9519|683
BALEN|LEUVEN|70331|3255
BALEN|LICHTERVELDE|175146|6677
BALEN|LIEDEKERKE|120343|4750
BALEN|LIER|48959|3118
BALEN|LIERDE|142865|6164
BALEN|LILLE|36199|2339
BALEN|LINKEBEEK|105994|4714
BALEN|LINT|56795|3212
BALEN|LINTER|54388|3015
BALEN|LOCHRISTI|109949|4695
BALEN|LOKEREN|94943|4188
BALEN|LOMMEL|14290|1089
BALEN|LONDERZEEL|83669|3982
BALEN|LO-RENINGE|201636|7983
BALEN|LOVENDEGEM|127646|5570
BALEN|LUBBEEK|58201|2997
BALEN|LUMMEN|28000|1603
BALEN|MAARKEDAL|142987|6137
BALEN|MAASEIK|49424|2993
BALEN|MAASMECHELEN|61534|2747
BALEN|MACHELEN|92863|3901
BALEN|MALDEGEM|133803|5693
BALEN|MALLE|53525|3004
BALEN|MECHELEN|78687|3601
BALEN|MEERHOUT|9787|701
BALEN|MEEUWEN-GRUITRODE|32858|2073
BALEN|MEISE|90361|4174
BALEN|MELLE|113324|4557
BALEN|MENEN|170226|6648
BALEN|MERCHTEM|95733|4574
BALEN|MERELBEKE|117596|4852
BALEN|MERKSPLAS|42188|2690
BALEN|MESEN|186847|7322
BALEN|MEULEBEKE|155168|6663
BALEN|MIDDELKERKE|188277|7189
BALEN|MOERBEKE|98669|4210
BALEN|MOL|4925|560
BALEN|MOORSLEDE|178075|7042
BALEN|MORTSEL|59024|3138
BALEN|NAZARETH|127854|5369
BALEN|NEERPELT|23625|1434
BALEN|NEVELE|133894|5400
BALEN|NIEL|71926|3578
BALEN|NIEUWERKERKEN|46984|2743
BALEN|NIEUWPOORT|192961|7209
BALEN|NIJLEN|39181|2253
BALEN|NINOVE|133218|5340
BALEN|OLEN|25693|1541
BALEN|OOSTENDE|176449|6585
BALEN|OOSTERZELE|123827|5070
BALEN|OOSTKAMP|154640|6067
BALEN|OOSTROZEBEKE|152710|6294
BALEN|OPGLABBEEK|43570|2712
BALEN|OPWIJK|99886|4993
BALEN|OUDENAARDE|137574|5817
BALEN|OUDENBURG|172528|6556
BALEN|OUD-HEVERLEE|78738|3458
BALEN|OUD-TURNHOUT|24782|2010
BALEN|OVERIJSE|88727|4118
BALEN|OVERPELT|21612|1391
BALEN|PEER|22551|1510
BALEN|PEPINGEN|122981|5182
BALEN|PITTEM|153784|6732
BALEN|POPERINGE|199760|7809
BALEN|PUTTE|50228|3100
BALEN|PUURS|80445|3866
BALEN|RANST|47738|2680
BALEN|RAVELS|36999|2552
BALEN|RETIE|14656|1448
BALEN|RIEMST|64333|2825
BALEN|RIJKEVORSEL|50417|3062
BALEN|ROESELARE|181715|7012
BALEN|RONSE|149206|6392
BALEN|ROOSDAAL|124153|5128
BALEN|ROTSELAAR|65170|2942
BALEN|RUISELEDE|144513|6205
BALEN|RUMST|72761|3291
BALEN|SCHELLE|70453|3504
BALEN|SCHERPENHEUVEL-ZICHEM|33711|2480
BALEN|SCHILDE|50767|2843
BALEN|SCHOTEN|57312|3008
BALEN|SINT-TRUIDEN|52996|2774
BALEN|SPIERE-HELKIJN|167663|6870
BALEN|STABROEK|73563|3364
BALEN|STADEN|191421|7566
BALEN|STEENOKKERZEEL|87321|3659
BALEN|STEKENE|91131|4194
BALEN|TEMSE|82746|3694
BALEN|TERNAT|114444|4528
BALEN|TERVUREN|84164|3640
BALEN|TESSENDERLO|19544|1432
BALEN|TIELT|148999|6442
BALEN|TIELT-WINGE|49626|2411
BALEN|TIENEN|59174|2963
BALEN|TONGEREN|63643|2787
BALEN|TORHOUT|169442|6606
BALEN|TREMELO|45097|3223
BALEN|TURNHOUT|35091|2293
BALEN|VEURNE|201128|7497
BALEN|VILVOORDE|95485|4128
BALEN|VLETEREN|200045|7840
BALEN|VOEREN|82290|3980
BALEN|VORSELAAR|39078|2367
BALEN|VOSSELAAR|37756|2389
BALEN|WAARSCHOOT|123130|5555
BALEN|WAASMUNSTER|88174|3836
BALEN|WACHTEBEKE|102952|4497
BALEN|WAREGEM|144770|5869
BALEN|WELLEN|46558|2513
BALEN|WEMMEL|102220|4158
BALEN|WERVIK|174909|6776
BALEN|WESTERLO|23419|1611
BALEN|WETTEREN|111162|4897
BALEN|WEVELGEM|164740|6358
BALEN|WEZEMBEEK-OPPEM|88231|3455
BALEN|WICHELEN|108979|5124
BALEN|WIELSBEKE|149247|5993
BALEN|WIJNEGEM|55052|2850
BALEN|WILLEBROEK|76839|3762
BALEN|WINGENE|154577|6185
BALEN|WOMMELGEM|54666|2738
BALEN|WORTEGEM-PETEGEM|145398|5933
BALEN|WUUSTWEZEL|85731|3815
BALEN|ZANDHOVEN|44739|2367
BALEN|ZAVENTEM|89526|3714
BALEN|ZEDELGEM|162025|6331
BALEN|ZELE|94780|4179
BALEN|ZELZATE|107227|4620
BALEN|ZEMST|85627|3867
BALEN|ZINGEM|131488|5537
BALEN|ZOERSEL|51511|2803
BALEN|ZOMERGEM|140289|5835
BALEN|ZONHOVEN|32996|2150
BALEN|ZONNEBEKE|183603|6961
BALEN|ZOTTEGEM|133514|5721
BALEN|ZOUTLEEUW|53764|3048
BALEN|ZUIENKERKE|171398|6744
BALEN|ZULTE|141274|5721
BALEN|ZUTENDAAL|54254|2578
BALEN|ZWALM|132813|5939
BALEN|ZWEVEGEM|155739|6031
BALEN|ZWIJNDRECHT|66908|3234
BEERNEM|BEERSE|130486|4811
BEERNEM|BEERSEL|91487|3335
BEERNEM|BEGIJNENDIJK|134873|4978
BEERNEM|BEKKEVOORT|139731|4860
BEERNEM|BERINGEN|153985|5594
BEERNEM|BERLAAR|121287|4933
BEERNEM|BERLARE|62042|2928
BEERNEM|BERTEM|106910|3908
BEERNEM|BEVER|76404|3731
BEERNEM|BEVEREN|82254|3314
BEERNEM|BIERBEEK|117459|4342
BEERNEM|BILZEN|183290|6348
BEERNEM|BLANKENBERGE|32688|1869
BEERNEM|BOCHOLT|198230|7269
BEERNEM|BOECHOUT|105284|4278
BEERNEM|BONHEIDEN|109400|4339
BEERNEM|BOOM|91312|3796
BEERNEM|BOORTMEERBEEK|108461|4216
BEERNEM|BORGLOON|174027|6316
BEERNEM|BORNEM|79188|3120
BEERNEM|BORSBEEK|100338|3910
BEERNEM|BOUTERSEM|122859|4346
BEERNEM|BRAKEL|69947|3335
BEERNEM|BRASSCHAAT|106233|4058
BEERNEM|BRECHT|121293|4414
BEERNEM|BREDENE|33059|1589
BEERNEM|BREE|195489|7223
BEERNEM|BRUGGE|15555|1469
BEERNEM|BUGGENHOUT|77013|3652
BEERNEM|DAMME|14091|1156
BEERNEM|DE HAAN|33501|1874
BEERNEM|DE PANNE|64116|2623
BEERNEM|DE PINTE|36999|1745
BEERNEM|DEERLIJK|54458|2557
BEERNEM|DEINZE|27440|1594
BEERNEM|DENDERLEEUW|65145|2710
BEERNEM|DENDERMONDE|68596|2988
BEERNEM|DENTERGEM|30307|1784
BEERNEM|DESSEL|149548|5662
BEERNEM|DESTELBERGEN|45841|1894
BEERNEM|DIEPENBEEK|176688|6102
BEERNEM|DIEST|143869|5183
BEERNEM|DIKSMUIDE|51760|2150
BEERNEM|DILBEEK|80893|3041
BEERNEM|DILSEN-STOKKEM|191896|6643
BEERNEM|DROGENBOS|88133|3276
BEERNEM|DUFFEL|107663|4151
BEERNEM|EDEGEM|98388|3866
BEERNEM|EEKLO|19996|1382
BEERNEM|ERPE-MERE|55752|2301
BEERNEM|ESSEN|105989|5206
BEERNEM|EVERGEM|39891|1907
BEERNEM|GALMAARDEN|75700|3691
BEERNEM|GAVERE|48392|2121
BEERNEM|GEEL|136209|5287
BEERNEM|GEETBETS|154561|5612
BEERNEM|GENK|178920|6168
BEERNEM|GENT|34863|1908
BEERNEM|HAACHT|109036|4545
BEERNEM|HAALTERT|62144|2478
BEERNEM|HALEN|147715|5162
BEERNEM|HALLE|100670|3779
BEERNEM|HAM|152899|5643
BEERNEM|HAMME|73476|3047
BEERNEM|HAMONT-ACHEL|184113|7269
BEERNEM|HARELBEKE|53124|2503
BEERNEM|HASSELT|169189|5913
BEERNEM|HECHTEL-EKSEL|165140|6448
BEERNEM|HEERS|167904|5784
BEERNEM|HEIST-OP-DEN-BERG|129772|5312
BEERNEM|HEMIKSEM|96348|3931
BEERNEM|HERENT|114353|4102
BEERNEM|HERENTALS|122975|4701
BEERNEM|HERENTHOUT|122695|4720
BEERNEM|HERK-DE-STAD|152351|5525
BEERNEM|HERNE|81789|3590
BEERNEM|HERSELT|139039|5241
BEERNEM|HERSTAPPE|171342|5865
BEERNEM|HERZELE|61822|2697
BEERNEM|HEUSDEN-ZOLDER|165395|5908
BEERNEM|HEUVELLAND|82570|3353
BEERNEM|HOEGAARDEN|133133|4805
BEERNEM|HOEILAART|107810|4034
BEERNEM|HOESELT|183263|6339
BEERNEM|HOLSBEEK|119935|4241
BEERNEM|HOOGLEDE|39945|1918
BEERNEM|HOOGSTRATEN|130778|4867
BEERNEM|HOREBEKE|65532|3039
BEERNEM|HOUTHALEN-HELCHTEREN|167648|5759
BEERNEM|HOUTHULST|52104|2559
BEERNEM|HOVE|103493|4076
BEERNEM|HULDENBERG|116515|4344
BEERNEM|HULSHOUT|134021|5385
BEERNEM|ICHTEGEM|33933|1831
BEERNEM|IEPER|75172|2966
BEERNEM|INGELMUNSTER|31195|1948
BEERNEM|IZEGEM|42832|1802
BEERNEM|JABBEKE|22132|1005
BEERNEM|KALMTHOUT|98284|4688
BEERNEM|KAMPENHOUT|101087|3889
BEERNEM|KAPELLEN|91588|4162
BEERNEM|KAPELLE-OP-DEN-BOS|97259|3716
BEERNEM|KAPRIJKE|29301|1680
BEERNEM|KASTERLEE|140390|5116
BEERNEM|KEERBERGEN|112445|4865
BEERNEM|KINROOI|205057|7634
BEERNEM|KLUISBERGEN|68925|3218
BEERNEM|KNESSELARE|6043|396
BEERNEM|KNOKKE-HEIST|31565|2053
BEERNEM|KOEKELARE|43183|1933
BEERNEM|KOKSIJDE|58918|2385
BEERNEM|KONTICH|100333|3760
BEERNEM|KORTEMARK|32948|1742
BEERNEM|KORTENAKEN|146903|5327
BEERNEM|KORTENBERG|101584|3825
BEERNEM|KORTESSEM|177667|6113
BEERNEM|KORTRIJK|56306|2196
BEERNEM|KRAAINEM|97361|3583
BEERNEM|KRUIBEKE|81757|3229
BEERNEM|KRUISHOUTEM|36162|2182
BEERNEM|KUURNE|50918|2356
BEERNEM|LAAKDAL|140381|5129
BEERNEM|LAARNE|46653|2005
BEERNEM|LANAKEN|192890|6945
BEERNEM|LANDEN|148574|5235
BEERNEM|LANGEMARK-POELKAPELLE|56716|2818
BEERNEM|LEBBEKE|74149|3371
BEERNEM|LEDE|58801|2387
BEERNEM|LEDEGEM|50710|2345
BEERNEM|LENDELEDE|45421|1978
BEERNEM|LENNIK|80234|3490
BEERNEM|LEOPOLDSBURG|157532|6062
BEERNEM|LEUVEN|115134|4458
BEERNEM|LICHTERVELDE|21753|1427
BEERNEM|LIEDEKERKE|69770|2696
BEERNEM|LIER|115386|4776
BEERNEM|LIERDE|65731|3010
BEERNEM|LILLE|124698|4535
BEERNEM|LINKEBEEK|91790|3770
BEERNEM|LINT|104359|4189
BEERNEM|LINTER|142791|5311
BEERNEM|LOCHRISTI|50109|2183
BEERNEM|LOKEREN|59940|2436
BEERNEM|LOMMEL|161638|6711
BEERNEM|LONDERZEEL|94025|3453
BEERNEM|LO-RENINGE|69263|3096
BEERNEM|LOVENDEGEM|21756|1600
BEERNEM|LUBBEEK|128787|4904
BEERNEM|LUMMEN|157460|5583
BEERNEM|MAARKEDAL|62362|2893
BEERNEM|MAASEIK|201982|7323
BEERNEM|MAASMECHELEN|192184|6607
BEERNEM|MACHELEN|95186|3593
BEERNEM|MALDEGEM|13163|990
BEERNEM|MALLE|120803|4566
BEERNEM|MECHELEN|106711|4124
BEERNEM|MEERHOUT|142854|5376
BEERNEM|MEEUWEN-GRUITRODE|188503|6734
BEERNEM|MOORSLEDE|50504|2281
BEERNEM|MORTSEL|96078|4185
BEERNEM|NAZARETH|34702|1866
BEERNEM|NEERPELT|184551|6893
BEERNEM|NEVELE|23606|1169
BEERNEM|NIEL|101151|4050
BEERNEM|NIEUWERKERKEN|162758|6122
BEERNEM|NIEUWPOORT|49987|1946
BEERNEM|NIJLEN|114858|4438
BEERNEM|NINOVE|69803|2883
BEERNEM|OLEN|125591|4639
BEERNEM|OOSTENDE|33474|1322
BEERNEM|OOSTERZELE|46693|1916
BEERNEM|OOSTKAMP|11666|804
BEERNEM|OOSTROZEBEKE|30430|2079
BEERNEM|OPGLABBEEK|183631|6478
BEERNEM|OPWIJK|73425|3430
BEERNEM|OUDENAARDE|56949|2573
BEERNEM|OUDENBURG|29553|1293
BEERNEM|OUD-HEVERLEE|110913|4198
BEERNEM|OUD-TURNHOUT|138074|5145
BEERNEM|OVERIJSE|110504|4119
BEERNEM|OVERPELT|191854|6874
BEERNEM|PEER|183434|6725
BEERNEM|PEPINGEN|82214|3595
BEERNEM|PITTEM|24891|1567
BEERNEM|POPERINGE|87450|3510
BEERNEM|PUTTE|122057|4584
BEERNEM|PUURS|83850|3442
BEERNEM|RANST|104456|4215
BEERNEM|RAVELS|143306|5472
BEERNEM|RETIE|144271|5244
BEERNEM|RIEMST|195108|6723
BEERNEM|RIJKEVORSEL|126896|5012
BEERNEM|ROESELARE|39204|1812
BEERNEM|RONSE|68581|3148
BEERNEM|ROOSDAAL|73580|3073
BEERNEM|ROTSELAAR|121427|4471
BEERNEM|RUISELEDE|19680|1138
BEERNEM|RUMST|104732|3864
BEERNEM|SCHELLE|99678|3976
BEERNEM|SCHERPENHEUVEL-ZICHEM|139353|5107
BEERNEM|SCHILDE|106546|4274
BEERNEM|SCHOTEN|101673|4117
BEERNEM|SINT-AMANDS|77884|3815
BEERNEM|SINT-GENESIUS-RODE|97738|3921
BEERNEM|SINT-GILLIS-WAAS|65797|3134
BEERNEM|SINT-KATELIJNE-WAVER|115697|4251
BEERNEM|SINT-LAUREINS|22406|1566
BEERNEM|SINT-LIEVENS-HOUTEM|50578|2155
BEERNEM|SINT-MARTENS-LATEM|35771|1588
BEERNEM|SINT-NIKLAAS|71463|2612
BEERNEM|SINT-PIETERS-LEEUW|90524|3538
BEERNEM|SINT-TRUIDEN|151799|5991
BEERNEM|SPIERE-HELKIJN|70687|2934
BEERNEM|STABROEK|86917|3828
BEERNEM|STADEN|48447|2303
BEERNEM|STEENOKKERZEEL|98120|3764
BEERNEM|STEKENE|59542|3168
BEERNEM|TEMSE|73982|2826
BEERNEM|TERNAT|71804|2740
BEERNEM|TERVUREN|103384|3751
BEERNEM|TESSENDERLO|146304|5609
BEERNEM|TIELT|19052|1348
BEERNEM|TIELT-WINGE|138295|4958
BEERNEM|TIENEN|133115|4857
BEERNEM|TONGEREN|175423|6318
BEERNEM|TORHOUT|26468|1343
BEERNEM|TREMELO|127264|4850
BEERNEM|TURNHOUT|134339|5005
BEERNEM|VEURNE|58153|2234
BEERNEM|VILVOORDE|90128|3420
BEERNEM|VLETEREN|71474|2872
BEERNEM|VOEREN|198236|6998
BEERNEM|VORSELAAR|124194|4877
BEERNEM|VOSSELAAR|131499|4868
BEERNEM|WAARSCHOOT|23143|1626
BEERNEM|WAASMUNSTER|65594|2535
BEERNEM|WACHTEBEKE|47582|2458
BEERNEM|WAREGEM|36312|2572
BEERNEM|WELLEN|177901|6478
BEERNEM|WEMMEL|83126|3122
BEERNEM|WERVIK|62599|2477
BEERNEM|WESTERLO|134094|5327
BEERNEM|WETTEREN|48204|2071
BEERNEM|WEVELGEM|53925|2125
BEERNEM|WEZEMBEEK-OPPEM|97976|3478
BEERNEM|WICHELEN|56215|2757
BEERNEM|WIELSBEKE|34553|2254
BEERNEM|WIJNEGEM|101129|3940
BEERNEM|WILLEBROEK|88436|3780
BEERNEM|WINGENE|11261|840
BEERNEM|WOMMELGEM|101182|3924
BEERNEM|WORTEGEM-PETEGEM|43522|2693
BEERNEM|WUUSTWEZEL|124804|4647
BEERNEM|ZANDHOVEN|110990|4185
BEERNEM|ZAVENTEM|94448|3479
BEERNEM|ZEDELGEM|19050|1068
BEERNEM|ZELE|61541|2535
BEERNEM|ZELZATE|42023|2360
BEERNEM|ZULTE|33818|2034
BEERNEM|ZUTENDAAL|184904|6438
BEERNEM|ZWALM|55933|2819
BEERNEM|ZWEVEGEM|63939|2517
BEERNEM|ZWIJNDRECHT|85673|3201
BEERSE|BEERSEL|103884|3895
BEERSE|BEGIJNENDIJK|43286|3217
BEERSE|BEKKEVOORT|77547|3381
BEERSE|BERINGEN|54694|2720
BEERSE|BERLAAR|38327|2211
BEERSE|BERLARE|86707|3754
BEERSE|BERTEM|91178|3463
BEERSE|BEVER|138890|5182
BEERSE|BEVEREN|54631|2491
BEERSE|BIERBEEK|101727|3896
BEERSE|BILZEN|85356|3741
BEERSE|BLANKENBERGE|157137|6066
BEERSE|BOCHOLT|75315|3758
BEERSE|BOECHOUT|40154|2008
BEERSE|BONHEIDEN|64931|2864
BEERSE|BOOM|53335|2405
BEERSE|BOORTMEERBEEK|74157|3127
BEERSE|BORGLOON|89437|4089
BEERSE|BORNEM|69427|2922
BEERSE|BORSBEEK|35208|1640
BEERSE|BOUTERSEM|107127|3900
BEERSE|BRAKEL|128555|5423
BEERSE|BRASSCHAAT|48636|2160
BEERSE|BRECHT|19556|1379
BEERSE|BREDENE|157508|5785
BEERSE|BREE|91854|3987
BEERSE|BRUGGE|148191|5715
BEERSE|BUGGENHOUT|70128|3486
BEERSE|DAMME|127610|5212
BEERSE|DE HAAN|157951|6070
BEERSE|DE PANNE|188565|6819
BEERSE|DE PINTE|105131|4016
BEERSE|DEERLIJK|130916|4788
BEERSE|DEINZE|116499|4501
BEERSE|DENDERLEEUW|105521|4044
BEERSE|DENDERMONDE|76976|3516
BEERSE|DENTERGEM|125510|4837
BEERSE|DESSEL|26220|1497
BEERSE|DESTELBERGEN|92803|3525
BEERSE|DIEPENBEEK|78755|3496
BEERSE|DIEST|50367|3082
BEERSE|DIKSMUIDE|176209|6346
BEERSE|DILBEEK|93290|3600
BEERSE|DILSEN-STOKKEM|94087|4074
BEERSE|DROGENBOS|100531|3836
BEERSE|DUFFEL|42570|2433
BEERSE|EDEGEM|43885|2046
BEERSE|EEKLO|105241|4281
BEERSE|ERPE-MERE|114361|4389
BEERSE|ESSEN|38460|2744
BEERSE|EVERGEM|99994|4061
BEERSE|GALMAARDEN|122769|5385
BEERSE|GAVERE|110492|4299
BEERSE|GEEL|26964|1612
BEERSE|GEETBETS|78062|3682
BEERSE|GENK|81110|3599
BEERSE|GENT|99404|4025
BEERSE|GERAARDSBERGEN|127541|5390
BEERSE|GINGELOM|94041|4434
BEERSE|GISTEL|160242|5744
BEERSE|GLABBEEK|86485|3906
BEERSE|GOOIK|108034|4441
BEERSE|GRIMBERGEN|73692|3270
BEERSE|GROBBENDONK|20677|1440
BEERSE|HAACHT|76605|3535
BEERSE|HAALTERT|110350|4183
BEERSE|HALEN|71217|3232
BEERSE|HALLE|113068|4338
BEERSE|HAM|53608|2769
BEERSE|HAMME|68320|3000
BEERSE|HAMONT-ACHEL|60785|3103
BEERSE|HARELBEKE|135090|5072
BEERSE|HASSELT|71255|3307
BEERSE|HECHTEL-EKSEL|72966|3084
BEERSE|HEERS|96627|4608
BEERSE|HEIST-OP-DEN-BERG|35804|2612
BEERSE|HEMIKSEM|48577|2273
BEERSE|HERENT|83483|3715
BEERSE|HERENTALS|19583|1473
BEERSE|HERENTHOUT|28261|2035
BEERSE|HERK-DE-STAD|67793|3472
BEERSE|HERNE|132798|5131
BEERSE|HERSELT|34729|2560
BEERSE|HERSTAPPE|96455|4675
BEERSE|HERZELE|121913|4762
BEERSE|HEUSDEN-ZOLDER|61228|3276
BEERSE|HEUVELLAND|176355|6585
BEERSE|HOEGAARDEN|117401|4359
BEERSE|HOEILAART|92078|3588
BEERSE|HOESELT|85329|3733
BEERSE|HOLSBEEK|104203|3795
BEERSE|HOOGLEDE|164395|6114
BEERSE|HOOGSTRATEN|13702|1126
BEERSE|HOREBEKE|127632|5216
BEERSE|HOUTHALEN-HELCHTEREN|69838|3190
BEERSE|HOUTHULST|176554|6755
BEERSE|HOVE|41453|2296
BEERSE|HULDENBERG|100783|3898
BEERSE|HULSHOUT|33539|2534
BEERSE|ICHTEGEM|158383|6028
BEERSE|IEPER|168957|6198
BEERSE|INGELMUNSTER|138992|5397
BEERSE|IZEGEM|144909|5680
BEERSE|JABBEKE|146582|5202
BEERSE|KALMTHOUT|34835|2483
BEERSE|KAMPENHOUT|74473|3185
BEERSE|KAPELLEN|50973|2377
BEERSE|KAPELLE-OP-DEN-BOS|64745|2922
BEERSE|KAPRIJKE|100617|3953
BEERSE|KASTERLEE|17062|951
BEERSE|KEERBERGEN|74027|3355
BEERSE|KINROOI|99344|3789
BEERSE|KLUISBERGEN|131025|5395
BEERSE|KNESSELARE|121739|4879
BEERSE|KNOKKE-HEIST|132030|5571
BEERSE|KOEKELARE|167632|6129
BEERSE|KOKSIJDE|183368|6582
BEERSE|KONTICH|49837|2121
BEERSE|KORTEMARK|157398|5938
BEERSE|KORTENAKEN|84555|3825
BEERSE|KORTENBERG|81675|3324
BEERSE|KORTESSEM|79733|3506
BEERSE|KORTRIJK|139235|4978
BEERSE|KRAAINEM|81629|3137
BEERSE|KRUIBEKE|52306|2293
BEERSE|KRUISHOUTEM|119505|4353
BEERSE|KUURNE|138074|5310
BEERSE|LAAKDAL|37592|2202
BEERSE|LAARNE|89374|3544
BEERSE|LANAKEN|95080|4376
BEERSE|LANDEN|132842|4789
BEERSE|LANGEMARK-POELKAPELLE|170892|6180
BEERSE|LEBBEKE|79703|3609
BEERSE|LEDE|94139|4300
BEERSE|LEDEGEM|154151|5770
BEERSE|LENDELEDE|140791|5397
BEERSE|LENNIK|105326|4256
BEERSE|LEOPOLDSBURG|50272|3092
BEERSE|LEUVEN|99402|4012
BEERSE|LICHTERVELDE|156621|5610
BEERSE|LIEDEKERKE|105134|3998
BEERSE|LIER|40462|2352
BEERSE|LIERDE|124339|5097
BEERSE|LILLE|11014|694
BEERSE|LINKEBEEK|100006|4290
BEERSE|LINT|42052|2427
BEERSE|LINTER|87229|4306
BEERSE|LOCHRISTI|91424|3629
BEERSE|LOKEREN|76418|3122
BEERSE|LOMMEL|45714|2789
BEERSE|LONDERZEEL|65144|2915
BEERSE|LO-RENINGE|183111|6917
BEERSE|LOVENDEGEM|109121|4503
BEERSE|LUBBEEK|59909|4220
BEERSE|LUMMEN|60841|2895
BEERSE|MAARKEDAL|124461|5071
BEERSE|MAASEIK|101010|3945
BEERSE|MAASMECHELEN|94374|4038
BEERSE|MACHELEN|76946|3054
BEERSE|MALDEGEM|115278|4626
BEERSE|MALLE|12475|923
BEERSE|MECHELEN|60162|2534
BEERSE|MEERHOUT|37114|2125
BEERSE|MEEUWEN-GRUITRODE|86656|3928
BEERSE|MEISE|71836|3108
BEERSE|MELLE|94799|3491
BEERSE|MENEN|151701|5582
BEERSE|MERCHTEM|77208|3508
BEERSE|MERELBEKE|99071|3786
BEERSE|MERKSPLAS|5420|534
BEERSE|MESEN|168321|6255
BEERSE|MEULEBEKE|136643|5596
BEERSE|MIDDELKERKE|169752|6123
BEERSE|MOERBEKE|80143|3143
BEERSE|MOL|31694|1923
BEERSE|MOORSLEDE|159550|5976
BEERSE|MORTSEL|40499|2071
BEERSE|NAZARETH|109329|4303
BEERSE|NEERPELT|61222|2728
BEERSE|NEVELE|115369|4333
BEERSE|NIEL|53401|2512
BEERSE|NIEUWERKERKEN|79825|4035
BEERSE|NIEUWPOORT|174436|6142
BEERSE|NIJLEN|31898|1717
BEERSE|NINOVE|118009|4588
BEERSE|OLEN|23985|1775
BEERSE|OOSTENDE|157924|5518
BEERSE|OOSTERZELE|105302|4003
BEERSE|OOSTKAMP|136115|5000
BEERSE|OOSTROZEBEKE|134185|5227
BEERSE|OPGLABBEEK|85822|3910
BEERSE|OPWIJK|81361|3927
BEERSE|OUDENAARDE|119049|4751
BEERSE|OUDENBURG|154003|5490
BEERSE|OUD-HEVERLEE|95181|3752
BEERSE|OUD-TURNHOUT|10738|1041
BEERSE|OVERIJSE|94772|3673
BEERSE|OVERPELT|63250|2833
BEERSE|PEER|76349|3365
BEERSE|PEPINGEN|107772|4430
BEERSE|PITTEM|135259|5665
BEERSE|POPERINGE|181235|6742
BEERSE|PUTTE|49045|2903
BEERSE|PUURS|61920|2800
BEERSE|RANST|30956|1705
BEERSE|RAVELS|15970|1367
BEERSE|RETIE|20942|1079
BEERSE|RIEMST|97174|4116
BEERSE|RIJKEVORSEL|7544|656
BEERSE|ROESELARE|163190|5945
BEERSE|RONSE|130681|5326
BEERSE|ROOSDAAL|108944|4376
BEERSE|ROTSELAAR|53314|4005
BEERSE|RUISELEDE|125988|5139
BEERSE|RUMST|54236|2224
BEERSE|SCHELLE|51928|2438
BEERSE|SCHERPENHEUVEL-ZICHEM|50971|3358
BEERSE|SCHILDE|29404|1519
BEERSE|SCHOTEN|38787|1942
BEERSE|SINT-AMANDS|67944|3342
BEERSE|SINT-GENESIUS-RODE|99972|4235
BEERSE|SINT-GILLIS-WAAS|67656|2909
BEERSE|SINT-KATELIJNE-WAVER|63642|2648
BEERSE|SINT-LAUREINS|110455|4472
BEERSE|SINT-LIEVENS-HOUTEM|109187|4242
BEERSE|SINT-MARTENS-LATEM|104113|4018
BEERSE|SINT-NIKLAAS|63678|2505
BEERSE|SINT-PIETERS-LEEUW|102922|4097
BEERSE|SINT-TRUIDEN|85837|4065
BEERSE|SPIERE-HELKIJN|149138|5804
BEERSE|STABROEK|55038|2297
BEERSE|STADEN|172896|6500
BEERSE|STEENOKKERZEEL|78141|3117
BEERSE|STEKENE|72606|3127
BEERSE|TEMSE|64221|2628
BEERSE|TERNAT|99235|3776
BEERSE|TERVUREN|87652|3305
BEERSE|TESSENDERLO|41417|2517
BEERSE|TIELT|130474|5375
BEERSE|TIELT-WINGE|82466|3703
BEERSE|TIENEN|92015|4255
BEERSE|TONGEREN|96484|4078
BEERSE|TORHOUT|150917|5539
BEERSE|TREMELO|46144|3489
BEERSE|TURNHOUT|6844|693
BEERSE|VEURNE|182603|6430
BEERSE|VILVOORDE|76960|3062
BEERSE|VLETEREN|181520|6774
BEERSE|VOEREN|115131|5272
BEERSE|VORSELAAR|18021|1251
BEERSE|WEVELGEM|146215|5292
BEERSE|WEZEMBEEK-OPPEM|82244|3032
BEERSE|WICHELEN|90454|4057
BEERSE|WIELSBEKE|130722|4926
BEERSE|WIJNEGEM|36527|1783
BEERSE|WILLEBROEK|58314|2696
BEERSE|WINGENE|136052|5119
BEERSE|WOMMELGEM|36141|1672
BEERSE|WORTEGEM-PETEGEM|126873|4866
BEERSE|WUUSTWEZEL|25489|1803
BEERSE|ZANDHOVEN|20797|1113
BEERSE|ZAVENTEM|78716|3033
BEERSE|ZEDELGEM|143499|5265
BEERSE|ZELE|76255|3113
BEERSE|ZELZATE|88702|3554
BEERSE|ZEMST|67102|2801
BEERSE|ZINGEM|112963|4471
BEERSE|ZOERSEL|13651|992
BEERSE|ZOMERGEM|121764|4768
BEERSE|ZONHOVEN|68927|3314
BEERSE|ZONNEBEKE|165078|5894
BEERSE|ZOTTEGEM|114989|4654
BEERSE|ZOUTLEEUW|86605|4340
BEERSE|ZUIENKERKE|152873|5678
BEERSE|ZULTE|122749|4655
BEERSE|ZUTENDAAL|87095|3869
BEERSE|ZWALM|114288|4873
BEERSE|ZWEVEGEM|137214|4964
BEERSE|ZWIJNDRECHT|48383|2167
BEERSEL|BEGIJNENDIJK|73376|2941
BEERSEL|BEKKEVOORT|78233|2822
BEERSEL|BERINGEN|97836|3551
BEERSEL|BERLAAR|65196|3066
BEERSEL|BERLARE|46861|2456
BEERSEL|BERTEM|45412|1871
BEERSEL|BEVER|37426|1533
BEERSEL|BEVEREN|66386|3059
BEERSEL|BIERBEEK|55961|2305
BEERSEL|BILZEN|121792|4310
BEERSEL|BLANKENBERGE|117451|4519
BEERSEL|BOCHOLT|136732|5232
BEERSEL|BOECHOUT|66266|3032
BEERSEL|BONHEIDEN|47902|2302
BEERSEL|BOOM|43347|1809
BEERSEL|BOORTMEERBEEK|46963|2178
BEERSEL|BORGLOON|112529|4279
BEERSEL|BORNEM|46996|2083
BEERSEL|BORSBEEK|68142|2899
BEERSEL|BOUTERSEM|61361|2308
BEERSEL|BRAKEL|55312|2877
BEERSEL|BRASSCHAAT|70526|3104
BEERSEL|BRECHT|85585|3460
BEERSEL|BREDENE|117822|4239
BEERSEL|BREE|133991|5186
BEERSEL|BRUGGE|108506|4169
BEERSEL|BUGGENHOUT|41158|2112
BEERSEL|DAMME|108844|4497
BEERSEL|DE HAAN|118265|4524
BEERSEL|DE PANNE|148879|5273
BEERSEL|DE PINTE|65544|2507
BEERSEL|DEERLIJK|91329|3279
BEERSEL|DEINZE|75173|2983
BEERSEL|DENDERLEEUW|30933|1422
BEERSEL|DENDERMONDE|38093|2615
BEERSEL|DENTERGEM|85923|3329
BEERSEL|DESSEL|113841|4707
BEERSEL|DESTELBERGEN|66025|2477
BEERSEL|DIEPENBEEK|115191|4065
BEERSEL|DIEST|82371|3146
BEERSEL|DIKSMUIDE|136523|4800
BEERSEL|DILBEEK|13024|776
BEERSEL|DILSEN-STOKKEM|130399|4605
BEERSEL|DROGENBOS|3076|374
BEERSEL|DUFFEL|54772|2319
BEERSEL|EDEGEM|60467|2344
BEERSEL|EEKLO|84155|3501
BEERSEL|ERPE-MERE|42201|1793
BEERSEL|ESSEN|94975|4405
BEERSEL|EVERGEM|74442|2896
BEERSEL|GALMAARDEN|37034|1959
BEERSEL|GAVERE|70905|2790
BEERSEL|GEEL|100501|4333
BEERSEL|GEETBETS|93063|3575
BEERSEL|GENK|117422|4131
BEERSEL|GENT|64088|2668
BEERSEL|GERAARDSBERGEN|48478|2411
BEERSEL|GINGELOM|88028|3150
BEERSEL|GISTEL|120556|4198
BEERSEL|GLABBEEK|71873|3106
BEERSEL|GOOIK|22322|1527
BEERSEL|GRIMBERGEN|25795|1219
BEERSEL|GROBBENDONK|85128|3568
BEERSEL|HAACHT|47538|2508
BEERSEL|HAALTERT|35761|1562
BEERSEL|HALEN|86217|3124
BEERSEL|HALLE|11604|689
BEERSEL|HAM|104975|4055
BEERSEL|HAMME|46212|3102
BEERSEL|HAMONT-ACHEL|141785|5663
BEERSEL|HARELBEKE|95503|3563
BEERSEL|HERENTALS|87267|3747
BEERSEL|HERENTHOUT|72950|3592
BEERSEL|HERK-DE-STAD|90853|3488
BEERSEL|HERNE|31334|1482
BEERSEL|HERSELT|77541|3203
BEERSEL|HERSTAPPE|109844|3828
BEERSEL|HERZELE|47324|2141
BEERSEL|HEUSDEN-ZOLDER|103897|3870
BEERSEL|HEUVELLAND|136768|5076
BEERSEL|HOEGAARDEN|71635|2767
BEERSEL|HOEILAART|14690|1471
BEERSEL|HOESELT|121765|4302
BEERSEL|HOLSBEEK|58437|2204
BEERSEL|HOOGLEDE|124709|4568
BEERSEL|HOOGSTRATEN|95071|3913
BEERSEL|HOREBEKE|63414|3163
BEERSEL|HOUTHALEN-HELCHTEREN|106150|3721
BEERSEL|HOUTHULST|136868|5209
BEERSEL|HOVE|61763|2590
BEERSEL|HULDENBERG|23887|2232
BEERSEL|HULSHOUT|81001|3572
BEERSEL|ICHTEGEM|118697|4481
BEERSEL|IEPER|129370|4689
BEERSEL|INGELMUNSTER|99406|3888
BEERSEL|IZEGEM|105322|4171
BEERSEL|JABBEKE|106896|3655
BEERSEL|KALMTHOUT|87107|3946
BEERSEL|KAMPENHOUT|39589|1852
BEERSEL|KAPELLEN|72863|3321
BEERSEL|KAPELLE-OP-DEN-BOS|35761|1679
BEERSEL|KAPRIJKE|89534|3906
BEERSEL|KASTERLEE|104683|4162
BEERSEL|KEERBERGEN|50947|2828
BEERSEL|KINROOI|143559|5596
BEERSEL|KLUISBERGEN|79018|3333
BEERSEL|KNESSELARE|96093|3551
BEERSEL|KNOKKE-HEIST|125218|5077
BEERSEL|KOEKELARE|127946|4583
BEERSEL|KOKSIJDE|143682|5035
BEERSEL|KONTICH|58603|2274
BEERSEL|KORTEMARK|117712|4392
BEERSEL|KORTENAKEN|85405|3289
BEERSEL|KORTENBERG|40086|1788
BEERSEL|KORTESSEM|116169|4075
BEERSEL|KORTRIJK|99648|3469
BEERSEL|KRAAINEM|35864|1546
BEERSEL|KRUIBEKE|64061|2861
BEERSEL|KRUISHOUTEM|79918|2844
BEERSEL|KUURNE|98487|3801
BEERSEL|LAAKDAL|95486|3983
BEERSEL|LAARNE|63304|2500
BEERSEL|LANAKEN|131392|4908
BEERSEL|LANDEN|87076|3197
BEERSEL|LANGEMARK-POELKAPELLE|131305|4671
BEERSEL|LEBBEKE|34579|2299
BEERSEL|LEDE|40386|1873
BEERSEL|LEDEGEM|114565|4261
BEERSEL|LENDELEDE|101205|3888
BEERSEL|LENNIK|18584|1220
BEERSEL|LEOPOLDSBURG|107445|4374
BEERSEL|LEUVEN|53637|2421
BEERSEL|LICHTERVELDE|116935|4064
BEERSEL|LIEDEKERKE|30545|1377
BEERSEL|LIER|61167|2794
BEERSEL|LIERDE|56640|2735
BEERSEL|LILLE|88991|3581
BEERSEL|LINKEBEEK|3750|413
BEERSEL|LINT|59639|2685
BEERSEL|LINTER|81293|3274
BEERSEL|LOCHRISTI|70292|2766
BEERSEL|LOKEREN|80488|3058
BEERSEL|LOMMEL|135372|5239
BEERSEL|LONDERZEEL|32527|1416
BEERSEL|LO-RENINGE|143525|5408
BEERSEL|LOVENDEGEM|75327|2955
BEERSEL|LUBBEEK|67289|2867
BEERSEL|LUMMEN|95962|3546
BEERSEL|MAARKEDAL|77829|3460
BEERSEL|MAASEIK|140484|5286
BEERSEL|MAASMECHELEN|130686|4570
BEERSEL|MACHELEN|33688|1556
BEERSEL|MALDEGEM|97369|4140
BEERSEL|MALLE|85096|3611
BEERSEL|MECHELEN|45213|2087
BEERSEL|MEERHOUT|114493|4286
BEERSEL|MEEUWEN-GRUITRODE|127005|4696
BEERSEL|MEISE|24191|1024
BEERSEL|MELLE|58319|2166
BEERSEL|MENEN|112114|4073
BEERSEL|MERCHTEM|32527|1608
BEERSEL|MERELBEKE|57371|2229
BEERSEL|MERKSPLAS|100162|4372
BEERSEL|MESEN|128735|4746
BEERSEL|MEULEBEKE|97057|4087
BEERSEL|MIDDELKERKE|130067|4576
BEERSEL|MOERBEKE|91898|3711
BEERSEL|MOL|110589|5036
BEERSEL|MOORSLEDE|119964|4467
BEERSEL|MORTSEL|63443|2764
BEERSEL|NAZARETH|69742|2794
BEERSEL|OOSTKAMP|96430|3454
BEERSEL|OOSTROZEBEKE|94598|3719
BEERSEL|OPGLABBEEK|122133|4441
BEERSEL|OPWIJK|36680|2027
BEERSEL|OUDENAARDE|79462|3242
BEERSEL|OUDENBURG|114317|3943
BEERSEL|OUD-HEVERLEE|49415|2160
BEERSEL|OUD-TURNHOUT|102367|4191
BEERSEL|OVERIJSE|19799|1987
BEERSEL|OVERPELT|130356|4837
BEERSEL|PEER|121937|4688
BEERSEL|PEPINGEN|13366|1087
BEERSEL|PITTEM|95672|4157
BEERSEL|POPERINGE|141648|5234
BEERSEL|PUTTE|60559|2547
BEERSEL|PUURS|43327|1869
BEERSEL|RANST|68749|3261
BEERSEL|RAVELS|107598|4517
BEERSEL|RETIE|108563|4290
BEERSEL|RIEMST|133610|4685
BEERSEL|RIJKEVORSEL|91189|4058
BEERSEL|ROESELARE|123858|4412
BEERSEL|RONSE|70618|2919
BEERSEL|ROOSDAAL|26518|1645
BEERSEL|ROTSELAAR|59929|2434
BEERSEL|RUISELEDE|86303|3592
BEERSEL|RUMST|52802|2019
BEERSEL|SCHELLE|49166|2105
BEERSEL|SCHERPENHEUVEL-ZICHEM|77856|3070
BEERSEL|SCHILDE|70838|3319
BEERSEL|SCHOTEN|65966|3162
BEERSEL|SINT-AMANDS|46285|2261
BEERSEL|SINT-GENESIUS-RODE|6057|615
BEERSEL|SINT-GILLIS-WAAS|69131|3491
BEERSEL|SINT-KATELIJNE-WAVER|54199|2214
BEERSEL|SINT-LAUREINS|92596|4278
BEERSEL|SINT-LIEVENS-HOUTEM|48505|2191
BEERSEL|SINT-MARTENS-LATEM|64428|2471
BEERSEL|SINT-NIKLAAS|56738|2575
BEERSEL|SINT-PIETERS-LEEUW|6497|605
BEERSEL|SINT-TRUIDEN|90301|3954
BEERSEL|SPIERE-HELKIJN|88473|3504
BEERSEL|STABROEK|76928|3241
BEERSEL|STADEN|133211|4953
BEERSEL|STEENOKKERZEEL|36622|1726
BEERSEL|STEKENE|70479|3654
BEERSEL|TEMSE|52098|2358
BEERSEL|TERNAT|24646|1154
BEERSEL|TERVUREN|21147|1725
BEERSEL|TESSENDERLO|92148|3868
BEERSEL|TIELT|90887|3867
BEERSEL|TIELT-WINGE|76797|2920
BEERSEL|TIENEN|71617|2819
BEERSEL|TONGEREN|113925|4280
BEERSEL|TORHOUT|111232|3993
BEERSEL|TREMELO|65766|2813
BEERSEL|TURNHOUT|98631|4051
BEERSEL|VEURNE|142917|4884
BEERSEL|VILVOORDE|28630|1383
BEERSEL|VLETEREN|141933|5265
BEERSEL|VOEREN|136738|4961
BEERSEL|VORSELAAR|88487|3922
BEERSEL|VOSSELAAR|95791|3914
BEERSEL|WAARSCHOOT|79469|3239
BEERSEL|WAASMUNSTER|63216|2895
BEERSEL|WACHTEBEKE|80234|3337
BEERSEL|WAREGEM|86658|3294
BEERSEL|WELLEN|116403|4441
BEERSEL|WEMMEL|21628|1084
BEERSEL|WERVIK|116797|4201
BEERSEL|WESTERLO|82884|3596
BEERSEL|WETTEREN|54469|2237
BEERSEL|WEVELGEM|106882|3758
BEERSEL|WEZEMBEEK-OPPEM|36478|1440
BEERSEL|WICHELEN|45090|2296
BEERSEL|WIELSBEKE|91135|3417
BEERSEL|WIJNEGEM|65422|2986
BEERSEL|WILLEBROEK|40956|1864
BEERSEL|WINGENE|96367|3572
BEERSEL|WOMMELGEM|65474|2969
BEERSEL|WORTEGEM-PETEGEM|87286|3358
BEERSEL|WUUSTWEZEL|89096|3692
BEERSEL|ZANDHOVEN|75282|3231
BEERSEL|ZAVENTEM|32950|1442
BEERSEL|ZEDELGEM|103814|3718
BEERSEL|ZELE|82090|3157
BEERSEL|ZELZATE|84202|3444
BEERSEL|ZEMST|41672|1812
BEERSEL|ZINGEM|73376|2962
BEERSEL|ZOERSEL|81562|3353
BEERSEL|ZOMERGEM|82078|3222
BEERSEL|ZONHOVEN|105239|3845
BEERSEL|ZONNEBEKE|125491|4386
BEERSEL|ZOTTEGEM|52939|2553
BEERSEL|ZOUTLEEUW|84081|3399
BEERSEL|ZUIENKERKE|113187|4132
BEERSEL|ZULTE|83162|3146
BEERSEL|ZUTENDAAL|123407|4401
BEERSEL|ZWALM|58264|2883
BEERSEL|ZWEVEGEM|97627|3455
BEGIJNENDIJK|BERLAAR|16522|1254
BEGIJNENDIJK|BERLARE|86893|4211
BEGIJNENDIJK|BERTEM|28029|1664
BEGIJNENDIJK|BEVER|104334|4316
BEGIJNENDIJK|BEVEREN|59801|3233
BEGIJNENDIJK|BIERBEEK|33407|1909
BEGIJNENDIJK|BILZEN|66467|2654
BEGIJNENDIJK|BLANKENBERGE|157484|6274
BEGIJNENDIJK|BOCHOLT|81408|3576
BEGIJNENDIJK|BOECHOUT|28456|1965
BEGIJNENDIJK|BONHEIDEN|18900|1348
BEGIJNENDIJK|BOOM|39863|2650
BEGIJNENDIJK|BOORTMEERBEEK|18889|1492
BEGIJNENDIJK|BORGLOON|70549|3003
BEGIJNENDIJK|BORNEM|47166|3048
BEGIJNENDIJK|BORSBEEK|31907|2322
BEGIJNENDIJK|BOUTERSEM|26305|1715
BEGIJNENDIJK|BRAKEL|100888|4815
BEGIJNENDIJK|BRASSCHAAT|49069|3325
BEGIJNENDIJK|BRECHT|64129|3682
BEGIJNENDIJK|BREDENE|157855|5994
BEGIJNENDIJK|BREE|78667|3530
BEGIJNENDIJK|BRUGGE|148538|5924
BEGIJNENDIJK|BUGGENHOUT|69076|3449
BEGIJNENDIJK|DAMME|132780|5953
BEGIJNENDIJK|DE HAAN|158298|6279
BEGIJNENDIJK|DE PANNE|188912|7028
BEGIJNENDIJK|DE PINTE|105577|4262
BEGIJNENDIJK|DEERLIJK|131362|5034
BEGIJNENDIJK|DEINZE|115205|4738
BEGIJNENDIJK|DENDERLEEUW|70965|3177
BEGIJNENDIJK|DENDERMONDE|58009|4040
BEGIJNENDIJK|DENTERGEM|125956|5084
BEGIJNENDIJK|DESSEL|39055|2965
BEGIJNENDIJK|DESTELBERGEN|106057|4232
BEGIJNENDIJK|DIEPENBEEK|59866|2409
BEGIJNENDIJK|DIEST|27047|1490
BEGIJNENDIJK|DIKSMUIDE|176556|6555
BEGIJNENDIJK|DILBEEK|58734|2734
BEGIJNENDIJK|DILSEN-STOKKEM|75074|2949
BEGIJNENDIJK|DROGENBOS|65975|2970
BEGIJNENDIJK|DUFFEL|26365|1867
BEGIJNENDIJK|EDEGEM|42839|2466
BEGIJNENDIJK|EEKLO|110412|5023
BEGIJNENDIJK|ERPE-MERE|82234|3548
BEGIJNENDIJK|ESSEN|73518|4627
BEGIJNENDIJK|EVERGEM|114475|4651
BEGIJNENDIJK|GALMAARDEN|88214|4519
BEGIJNENDIJK|GAVERE|110938|4545
BEGIJNENDIJK|GEEL|25667|2092
BEGIJNENDIJK|GEETBETS|37739|1919
BEGIJNENDIJK|GENK|62097|2475
BEGIJNENDIJK|GENT|104121|4423
BEGIJNENDIJK|GERAARDSBERGEN|98124|4644
BEGIJNENDIJK|GINGELOM|65474|2754
BEGIJNENDIJK|GISTEL|160589|5953
BEGIJNENDIJK|GLABBEEK|26544|1701
BEGIJNENDIJK|GOOIK|73478|3574
BEGIJNENDIJK|GRIMBERGEN|48968|2409
BEGIJNENDIJK|GROBBENDONK|24094|1955
BEGIJNENDIJK|HAACHT|13763|1113
BEGIJNENDIJK|HAALTERT|75794|3317
BEGIJNENDIJK|HALEN|30893|1468
BEGIJNENDIJK|HALLE|78512|3472
BEGIJNENDIJK|HAM|49650|2399
BEGIJNENDIJK|HAMME|73490|3742
BEGIJNENDIJK|HAMONT-ACHEL|86461|4007
BEGIJNENDIJK|HARELBEKE|135535|5318
BEGIJNENDIJK|HASSELT|52367|2220
BEGIJNENDIJK|HECHTEL-EKSEL|61427|2729
BEGIJNENDIJK|HEERS|83852|3350
BEGIJNENDIJK|HEIST-OP-DEN-BERG|8953|698
BEGIJNENDIJK|HEMIKSEM|50476|2949
BEGIJNENDIJK|HERENT|20038|1349
BEGIJNENDIJK|HERENTALS|25031|2040
BEGIJNENDIJK|HERENTHOUT|18234|1374
BEGIJNENDIJK|HERK-DE-STAD|35529|1832
BEGIJNENDIJK|HERNE|98242|4265
BEGIJNENDIJK|HERSELT|8322|664
BEGIJNENDIJK|HERSTAPPE|87291|3432
BEGIJNENDIJK|HERZELE|87357|3896
BEGIJNENDIJK|HEUSDEN-ZOLDER|48572|2214
BEGIJNENDIJK|HEUVELLAND|176801|6831
BEGIJNENDIJK|HOEGAARDEN|34933|2392
BEGIJNENDIJK|HOEILAART|48300|2393
BEGIJNENDIJK|HOESELT|66441|2646
BEGIJNENDIJK|HOLSBEEK|13699|1020
BEGIJNENDIJK|HOOGLEDE|164742|6323
BEGIJNENDIJK|HOOGSTRATEN|53364|4017
BEGIJNENDIJK|HOREBEKE|103447|4918
BEGIJNENDIJK|HOUTHALEN-HELCHTEREN|50825|2065
BEGIJNENDIJK|HOUTHULST|176901|6964
BEGIJNENDIJK|HOVE|29606|2180
BEGIJNENDIJK|HULDENBERG|34243|2126
BEGIJNENDIJK|HULSHOUT|8528|729
BEGIJNENDIJK|ICHTEGEM|158730|6237
BEGIJNENDIJK|IEPER|169403|6444
BEGIJNENDIJK|INGELMUNSTER|139438|5643
BEGIJNENDIJK|IZEGEM|145354|5926
BEGIJNENDIJK|JABBEKE|146929|5410
BEGIJNENDIJK|KALMTHOUT|65650|4167
BEGIJNENDIJK|KAMPENHOUT|22171|1912
BEGIJNENDIJK|KAPELLEN|51407|3543
BEGIJNENDIJK|KAPELLE-OP-DEN-BOS|38700|2719
BEGIJNENDIJK|KAPRIJKE|105787|4695
BEGIJNENDIJK|KASTERLEE|35370|2564
BEGIJNENDIJK|KEERBERGEN|12868|907
BEGIJNENDIJK|KINROOI|88234|3941
BEGIJNENDIJK|KLUISBERGEN|131471|5642
BEGIJNENDIJK|KNESSELARE|136126|5306
BEGIJNENDIJK|KNOKKE-HEIST|137200|6312
BEGIJNENDIJK|KOEKELARE|167979|6338
BEGIJNENDIJK|KOKSIJDE|183715|6790
BEGIJNENDIJK|KONTICH|32111|2411
BEGIJNENDIJK|KORTEMARK|157745|6147
BEGIJNENDIJK|KORTENAKEN|30080|1633
BEGIJNENDIJK|KORTENBERG|28940|1845
BEGIJNENDIJK|KORTESSEM|60845|2419
BEGIJNENDIJK|KORTRIJK|139681|5224
BEGIJNENDIJK|KRAAINEM|37725|1911
BEGIJNENDIJK|KRUIBEKE|57476|3035
BEGIJNENDIJK|KRUISHOUTEM|119951|4599
BEGIJNENDIJK|KUURNE|138520|5556
BEGIJNENDIJK|LAAKDAL|25646|1835
BEGIJNENDIJK|LAARNE|103337|4255
BEGIJNENDIJK|LANAKEN|76068|3252
BEGIJNENDIJK|LANDEN|64522|2801
BEGIJNENDIJK|LANGEMARK-POELKAPELLE|171338|6426
BEGIJNENDIJK|LEBBEKE|71827|3929
BEGIJNENDIJK|LEDE|80419|3628
BEGIJNENDIJK|LEDEGEM|154597|6016
BEGIJNENDIJK|LENDELEDE|141237|5643
BEGIJNENDIJK|LENNIK|70770|3390
BEGIJNENDIJK|LEOPOLDSBURG|52120|2719
BEGIJNENDIJK|LEUVEN|20566|1637
BEGIJNENDIJK|LICHTERVELDE|156968|5819
BEGIJNENDIJK|LIEDEKERKE|70578|3132
BEGIJNENDIJK|LIER|20722|1570
BEGIJNENDIJK|LIERDE|96672|4490
BEGIJNENDIJK|LILLE|32248|2492
BEGIJNENDIJK|LINKEBEEK|56228|3095
BEGIJNENDIJK|LINT|25847|1861
BEGIJNENDIJK|LINTER|37036|2094
BEGIJNENDIJK|LOCHRISTI|96594|4370
BEGIJNENDIJK|LOKEREN|81588|3863
BEGIJNENDIJK|LOMMEL|50226|3446
BEGIJNENDIJK|LONDERZEEL|60444|2753
BEGIJNENDIJK|LO-RENINGE|183557|7163
BEGIJNENDIJK|LOVENDEGEM|115360|4710
BEGIJNENDIJK|LUBBEEK|21108|1359
BEGIJNENDIJK|LUMMEN|40638|1890
BEGIJNENDIJK|MAARKEDAL|124907|5317
BEGIJNENDIJK|MAASEIK|85159|3630
BEGIJNENDIJK|MAASMECHELEN|75362|2914
BEGIJNENDIJK|MACHELEN|43097|2283
BEGIJNENDIJK|MALDEGEM|120448|5368
BEGIJNENDIJK|MALLE|50050|3127
BEGIJNENDIJK|MECHELEN|25702|2039
BEGIJNENDIJK|MEERHOUT|28762|2215
BEGIJNENDIJK|MEEUWEN-GRUITRODE|71680|3040
BEGIJNENDIJK|MEISE|52109|2361
BEGIJNENDIJK|MELLE|98352|3922
BEGIJNENDIJK|MENEN|152147|5828
BEGIJNENDIJK|MERCHTEM|60444|2945
BEGIJNENDIJK|MERELBEKE|97404|3984
BEGIJNENDIJK|MERKSPLAS|52057|3630
BEGIJNENDIJK|MESEN|168767|6501
BEGIJNENDIJK|MEULEBEKE|137089|5843
BEGIJNENDIJK|MIDDELKERKE|170099|6331
BEGIJNENDIJK|MOERBEKE|85314|3885
BEGIJNENDIJK|MOL|34884|2726
BEGIJNENDIJK|MOORSLEDE|159996|6222
BEGIJNENDIJK|MORTSEL|30233|2132
BEGIJNENDIJK|NAZARETH|109775|4549
BEGIJNENDIJK|NEERPELT|76560|3193
BEGIJNENDIJK|NEVELE|115716|4542
BEGIJNENDIJK|NIEL|46318|2796
BEGIJNENDIJK|NIEUWERKERKEN|45936|2429
BEGIJNENDIJK|NIEUWPOORT|174783|6351
BEGIJNENDIJK|NIJLEN|23602|1803
BEGIJNENDIJK|NINOVE|83453|3722
BEGIJNENDIJK|OLEN|19253|1397
BEGIJNENDIJK|OOSTENDE|158271|5727
BEGIJNENDIJK|OOSTERZELE|92530|3775
BEGIJNENDIJK|OOSTKAMP|136462|5209
BEGIJNENDIJK|OOSTROZEBEKE|134630|5474
BEGIJNENDIJK|OPGLABBEEK|66809|2785
BEGIJNENDIJK|OPWIJK|64597|3364
BEGIJNENDIJK|OUDENAARDE|119495|4997
BEGIJNENDIJK|OUDENBURG|154350|5698
BEGIJNENDIJK|OUD-HEVERLEE|28973|1840
BEGIJNENDIJK|OUD-TURNHOUT|45910|3236
BEGIJNENDIJK|OVERIJSE|38961|2500
BEGIJNENDIJK|OVERPELT|75031|3181
BEGIJNENDIJK|PEER|66612|3032
BEGIJNENDIJK|PEPINGEN|73216|3564
BEGIJNENDIJK|PITTEM|135705|5912
BEGIJNENDIJK|POPERINGE|181681|6989
BEGIJNENDIJK|PUTTE|14213|950
BEGIJNENDIJK|PUURS|43498|2834
BEGIJNENDIJK|RANST|30768|2271
BEGIJNENDIJK|RAVELS|51141|3562
BEGIJNENDIJK|RETIE|39532|2999
BEGIJNENDIJK|RIEMST|78285|3030
BEGIJNENDIJK|RIJKEVORSEL|47171|3544
BEGIJNENDIJK|ROESELARE|164000|6217
BEGIJNENDIJK|RONSE|131127|5572
BEGIJNENDIJK|ROOSDAAL|74388|3510
BEGIJNENDIJK|ROTSELAAR|11244|885
BEGIJNENDIJK|RUISELEDE|126335|5347
BEGIJNENDIJK|RUMST|35174|2141
BEGIJNENDIJK|SCHELLE|46538|2873
BEGIJNENDIJK|SCHERPENHEUVEL-ZICHEM|17877|1400
BEGIJNENDIJK|SCHILDE|37670|2801
BEGIJNENDIJK|SCHOTEN|39207|3027
BEGIJNENDIJK|SINT-AMANDS|49521|3376
BEGIJNENDIJK|SINT-GENESIUS-RODE|56194|3040
BEGIJNENDIJK|SINT-GILLIS-WAAS|72826|3650
BEGIJNENDIJK|SINT-KATELIJNE-WAVER|23219|1789
BEGIJNENDIJK|SINT-LAUREINS|115625|5213
BEGIJNENDIJK|SINT-LIEVENS-HOUTEM|88538|3946
BEGIJNENDIJK|SINT-MARTENS-LATEM|104460|4226
BEGIJNENDIJK|SINT-NIKLAAS|68848|3247
BEGIJNENDIJK|SINT-PIETERS-LEEUW|68366|3231
BEGIJNENDIJK|SINT-TRUIDEN|50587|2822
BEGIJNENDIJK|SPIERE-HELKIJN|149584|6050
BEGIJNENDIJK|STABROEK|55471|3463
BEGIJNENDIJK|STADEN|173243|6708
BEGIJNENDIJK|STEENOKKERZEEL|37555|2041
BEGIJNENDIJK|STEKENE|77777|3869
BEGIJNENDIJK|TEMSE|52268|3322
BEGIJNENDIJK|TERNAT|64679|2909
BEGIJNENDIJK|TERVUREN|34399|2022
BEGIJNENDIJK|TESSENDERLO|27502|2049
BEGIJNENDIJK|TIELT|130919|5622
BEGIJNENDIJK|TIELT-WINGE|19826|1289
BEGIJNENDIJK|TIENEN|28513|1863
BEGIJNENDIJK|TONGEREN|77595|2992
BEGIJNENDIJK|TORHOUT|151264|5748
BEGIJNENDIJK|TREMELO|9050|661
BEGIJNENDIJK|TURNHOUT|44960|3233
BEGIJNENDIJK|VEURNE|182950|6639
BEGIJNENDIJK|VILVOORDE|45939|2348
BEGIJNENDIJK|VLETEREN|181966|7020
BEGIJNENDIJK|VOEREN|96243|4185
BEGIJNENDIJK|VORSELAAR|27453|2309
BEGIJNENDIJK|VOSSELAAR|44305|3233
BEGIJNENDIJK|WAARSCHOOT|119501|4994
BEGIJNENDIJK|WAASMUNSTER|74819|3511
BEGIJNENDIJK|WACHTEBEKE|89597|4172
BEGIJNENDIJK|WAREGEM|126690|5049
BEGIJNENDIJK|WELLEN|60510|2718
BEGIJNENDIJK|WEMMEL|52455|2540
BEGIJNENDIJK|WERVIK|156830|5956
BEGIJNENDIJK|WESTERLO|13665|1057
BEGIJNENDIJK|WETTEREN|94501|3992
BEGIJNENDIJK|WEVELGEM|146660|5538
BEGIJNENDIJK|WEZEMBEEK-OPPEM|38466|1837
BEGIJNENDIJK|WICHELEN|85122|4051
BEGIJNENDIJK|WIELSBEKE|131168|5173
BEGIJNENDIJK|WIJNEGEM|36947|2869
BEGIJNENDIJK|WILLEBROEK|35687|2429
BEGIJNENDIJK|WINGENE|136399|5328
BEGIJNENDIJK|WOMMELGEM|34181|2505
BEGIJNENDIJK|WORTEGEM-PETEGEM|127319|5113
BEGIJNENDIJK|WUUSTWEZEL|67640|3914
BEGIJNENDIJK|ZANDHOVEN|39744|2433
BEGIJNENDIJK|ZAVENTEM|39761|2096
BEGIJNENDIJK|ZEDELGEM|143846|5473
BEGIJNENDIJK|ZELE|81425|3854
BEGIJNENDIJK|ZELZATE|93872|4295
BEGIJNENDIJK|ZEMST|30838|2409
BEGIJNENDIJK|ZINGEM|113409|4717
BEGIJNENDIJK|ZOERSEL|46516|2868
BEGIJNENDIJK|ZOMERGEM|122111|4977
BEGIJNENDIJK|ZONHOVEN|49914|2189
BEGIJNENDIJK|ZONNEBEKE|165524|6141
BEGIJNENDIJK|ZOTTEGEM|92971|4308
BEGIJNENDIJK|ZOUTLEEUW|41491|2443
BEGIJNENDIJK|ZUIENKERKE|153220|5887
BEGIJNENDIJK|ZULTE|123195|4901
BEGIJNENDIJK|ZUTENDAAL|68082|2745
BEGIJNENDIJK|ZWALM|98297|4638
BEGIJNENDIJK|ZWEVEGEM|137660|5211
BEGIJNENDIJK|ZWIJNDRECHT|53553|2909
BEKKEVOORT|BERINGEN|24434|1070
BEKKEVOORT|BERLAAR|39251|2359
BEKKEVOORT|BERLARE|96157|4044
BEKKEVOORT|BERTEM|37293|1497
BEKKEVOORT|BEVER|113598|4149
BEKKEVOORT|BEVEREN|98930|3729
BEKKEVOORT|BIERBEEK|24723|1801
BEKKEVOORT|BILZEN|48390|1829
BEKKEVOORT|BLANKENBERGE|166748|6107
BEKKEVOORT|BOCHOLT|63330|2751
BEKKEVOORT|BOECHOUT|51184|3071
BEKKEVOORT|BONHEIDEN|38821|2423
BEKKEVOORT|BOOM|80528|2979
BEKKEVOORT|BOORTMEERBEEK|41096|2090
BEKKEVOORT|BORGLOON|52472|2177
BEKKEVOORT|BORNEM|84177|3253
BEKKEVOORT|BORSBEEK|80567|3041
BEKKEVOORT|BOUTERSEM|18693|1266
BEKKEVOORT|BRAKEL|110152|4648
BEKKEVOORT|BRASSCHAAT|93994|3561
BEKKEVOORT|BRECHT|109053|3917
BEKKEVOORT|BREDENE|167119|5827
BEKKEVOORT|BREE|60590|2705
BEKKEVOORT|BRUGGE|157802|5757
BEKKEVOORT|BUGGENHOUT|78340|3282
BEKKEVOORT|DAMME|158140|6085
BEKKEVOORT|DE HAAN|167562|6112
BEKKEVOORT|DE PANNE|198176|6861
BEKKEVOORT|DE PINTE|114841|4095
BEKKEVOORT|DEERLIJK|140626|4867
BEKKEVOORT|DEINZE|124469|4571
BEKKEVOORT|DENDERLEEUW|80229|3010
BEKKEVOORT|DENDERMONDE|84604|4078
BEKKEVOORT|DENTERGEM|135220|4917
BEKKEVOORT|DESSEL|54392|2965
BEKKEVOORT|DESTELBERGEN|115321|4065
BEKKEVOORT|DIEPENBEEK|41789|1584
BEKKEVOORT|DIEST|8320|608
BEKKEVOORT|DIKSMUIDE|185820|6388
BEKKEVOORT|DILBEEK|67998|2567
BEKKEVOORT|DILSEN-STOKKEM|56997|2124
BEKKEVOORT|DROGENBOS|75239|2803
BEKKEVOORT|DUFFEL|49094|2972
BEKKEVOORT|EDEGEM|81968|2961
BEKKEVOORT|EEKLO|133452|5089
BEKKEVOORT|ERPE-MERE|91498|3381
BEKKEVOORT|ESSEN|118442|4862
BEKKEVOORT|EVERGEM|123739|4484
BEKKEVOORT|GALMAARDEN|97478|4352
BEKKEVOORT|GAVERE|120202|4378
BEKKEVOORT|GEEL|51720|2190
BEKKEVOORT|GEETBETS|13155|951
BEKKEVOORT|GENK|44020|1649
BEKKEVOORT|GENT|113385|4256
BEKKEVOORT|GERAARDSBERGEN|107388|4477
BEKKEVOORT|GINGELOM|41060|2208
BEKKEVOORT|GISTEL|169853|5786
BEKKEVOORT|GLABBEEK|10115|655
BEKKEVOORT|GOOIK|82742|3407
BEKKEVOORT|GRIMBERGEN|58232|2242
BEKKEVOORT|GROBBENDONK|62552|2348
BEKKEVOORT|HAACHT|31661|1684
BEKKEVOORT|HAALTERT|85058|3150
BEKKEVOORT|HALEN|12816|643
BEKKEVOORT|HALLE|87776|3305
BEKKEVOORT|HAM|31573|1574
BEKKEVOORT|HAMME|112619|4238
BEKKEVOORT|HAMONT-ACHEL|68383|3182
BEKKEVOORT|HARELBEKE|144799|5151
BEKKEVOORT|HASSELT|34290|1395
BEKKEVOORT|HECHTEL-EKSEL|43349|1904
BEKKEVOORT|HEERS|37875|2619
BEKKEVOORT|HEIST-OP-DEN-BERG|31682|1804
BEKKEVOORT|HEMIKSEM|89605|3445
BEKKEVOORT|HERENT|29302|1182
BEKKEVOORT|HERENTALS|57285|2385
BEKKEVOORT|HERENTHOUT|61299|2297
BEKKEVOORT|HERK-DE-STAD|17452|1007
BEKKEVOORT|HERNE|107506|4098
BEKKEVOORT|HERSELT|16923|1296
BEKKEVOORT|HERSTAPPE|59490|2764
BEKKEVOORT|HERZELE|96621|3729
BEKKEVOORT|HEUSDEN-ZOLDER|30495|1389
BEKKEVOORT|HEUVELLAND|186065|6664
BEKKEVOORT|HOEGAARDEN|24294|1746
BEKKEVOORT|HOEILAART|57564|2226
BEKKEVOORT|HOESELT|48364|1821
BEKKEVOORT|HOLSBEEK|22979|891
BEKKEVOORT|HOOGLEDE|174006|6156
BEKKEVOORT|HOOGSTRATEN|86735|4222
BEKKEVOORT|HOREBEKE|112711|4751
BEKKEVOORT|HOUTHALEN-HELCHTEREN|32748|1240
BEKKEVOORT|HOUTHULST|186165|6797
BEKKEVOORT|HOVE|83264|3207
BEKKEVOORT|HULDENBERG|43507|1959
BEKKEVOORT|HULSHOUT|31257|1835
BEKKEVOORT|ICHTEGEM|167994|6070
BEKKEVOORT|IEPER|178667|6277
BEKKEVOORT|INGELMUNSTER|148702|5476
BEKKEVOORT|IZEGEM|154618|5759
BEKKEVOORT|JABBEKE|156193|5243
BEKKEVOORT|KALMTHOUT|110575|4403
BEKKEVOORT|KAMPENHOUT|40906|2043
BEKKEVOORT|KAPELLEN|96331|3779
BEKKEVOORT|KAPELLE-OP-DEN-BOS|72943|2849
BEKKEVOORT|KAPRIJKE|144917|5190
BEKKEVOORT|KASTERLEE|60666|2539
BEKKEVOORT|KEERBERGEN|32653|1994
BEKKEVOORT|KINROOI|70157|3115
BEKKEVOORT|KLUISBERGEN|140735|5475
BEKKEVOORT|KNESSELARE|145390|5139
BEKKEVOORT|KNOKKE-HEIST|174515|6665
BEKKEVOORT|KOEKELARE|177243|6171
BEKKEVOORT|KOKSIJDE|192979|6623
BEKKEVOORT|KONTICH|80104|2891
BEKKEVOORT|KORTEMARK|167009|5980
BEKKEVOORT|KORTENAKEN|8185|573
BEKKEVOORT|KORTENBERG|38204|1677
BEKKEVOORT|KORTESSEM|42767|1594
BEKKEVOORT|KORTRIJK|148945|5057
BEKKEVOORT|KRAAINEM|46989|1744
BEKKEVOORT|KRUIBEKE|96606|3530
BEKKEVOORT|KRUISHOUTEM|129215|4432
BEKKEVOORT|KUURNE|147784|5389
BEKKEVOORT|LAAKDAL|21435|1445
BEKKEVOORT|LAARNE|112601|4088
BEKKEVOORT|LANAKEN|57990|2427
BEKKEVOORT|LANDEN|30947|2079
BEKKEVOORT|LANGEMARK-POELKAPELLE|180602|6259
BEKKEVOORT|LEBBEKE|81091|3762
BEKKEVOORT|LEDE|89683|3461
BEKKEVOORT|LEDEGEM|163861|5849
BEKKEVOORT|LENDELEDE|150501|5476
BEKKEVOORT|LENNIK|80034|3222
BEKKEVOORT|LEOPOLDSBURG|34043|1893
BEKKEVOORT|LEUVEN|29830|1470
BEKKEVOORT|LICHTERVELDE|166232|5652
BEKKEVOORT|LIEDEKERKE|79842|2965
BEKKEVOORT|LIER|43451|2675
BEKKEVOORT|LIERDE|105936|4323
BEKKEVOORT|LILLE|64503|2838
BEKKEVOORT|LINKEBEEK|65492|2928
BEKKEVOORT|LINT|48576|2967
BEKKEVOORT|LINTER|15141|1034
BEKKEVOORT|LOCHRISTI|119589|4354
BEKKEVOORT|LOKEREN|120717|4359
BEKKEVOORT|LOMMEL|61970|2758
BEKKEVOORT|LONDERZEEL|69708|2586
BEKKEVOORT|LO-RENINGE|192821|6996
BEKKEVOORT|LOVENDEGEM|124624|4543
BEKKEVOORT|LUBBEEK|13495|908
BEKKEVOORT|LUMMEN|22561|1065
BEKKEVOORT|MAARKEDAL|134171|5150
BEKKEVOORT|MAASEIK|67082|2805
BEKKEVOORT|MAASMECHELEN|57284|2089
BEKKEVOORT|MACHELEN|52361|2116
BEKKEVOORT|MALDEGEM|146666|5728
BEKKEVOORT|MALLE|81878|3396
BEKKEVOORT|MECHELEN|66714|2704
BEKKEVOORT|MEERHOUT|41091|1805
BEKKEVOORT|MEEUWEN-GRUITRODE|53603|2215
BEKKEVOORT|MEISE|61373|2194
BEKKEVOORT|MELLE|107616|3754
BEKKEVOORT|MENEN|161411|5661
BEKKEVOORT|MERCHTEM|69708|2778
BEKKEVOORT|MERELBEKE|106668|3817
BEKKEVOORT|MERKSPLAS|77354|3605
BEKKEVOORT|MESEN|178031|6334
BEKKEVOORT|MEULEBEKE|146353|5675
BEKKEVOORT|MIDDELKERKE|179363|6164
BEKKEVOORT|MOERBEKE|124443|4381
BEKKEVOORT|MOL|48931|2516
BEKKEVOORT|MOORSLEDE|169260|6055
BEKKEVOORT|MORTSEL|52962|3238
BEKKEVOORT|NAZARETH|119039|4382
BEKKEVOORT|NEERPELT|58483|2368
BEKKEVOORT|NEVELE|124980|4375
BEKKEVOORT|NIEL|85448|3292
BEKKEVOORT|NIEUWERKERKEN|27858|1603
BEKKEVOORT|NIEUWPOORT|184047|6184
BEKKEVOORT|NIJLEN|66014|2588
BEKKEVOORT|NINOVE|92717|3554
BEKKEVOORT|OLEN|52526|1876
BEKKEVOORT|OOSTENDE|167535|5560
BEKKEVOORT|OOSTERZELE|101794|3608
BEKKEVOORT|OOSTKAMP|145726|5042
BEKKEVOORT|OOSTROZEBEKE|143894|5307
BEKKEVOORT|OPGLABBEEK|48732|1960
BEKKEVOORT|OPWIJK|73861|3197
BEKKEVOORT|OUDENAARDE|128759|4830
BEKKEVOORT|OUDENBURG|163614|5531
BEKKEVOORT|OUD-HEVERLEE|38237|1673
BEKKEVOORT|OUD-TURNHOUT|71206|3210
BEKKEVOORT|OVERIJSE|48225|2333
BEKKEVOORT|OVERPELT|56954|2356
BEKKEVOORT|PEER|48535|2207
BEKKEVOORT|PEPINGEN|82480|3397
BEKKEVOORT|PITTEM|144969|5745
BEKKEVOORT|POPERINGE|190945|6822
BEKKEVOORT|PUTTE|36854|2160
BEKKEVOORT|PUURS|80508|3039
BEKKEVOORT|RANST|74571|3015
BEKKEVOORT|RAVELS|76438|3537
BEKKEVOORT|RETIE|60743|3007
BEKKEVOORT|RIEMST|60208|2204
BEKKEVOORT|RIJKEVORSEL|87971|3843
BEKKEVOORT|ROESELARE|173264|6050
BEKKEVOORT|RONSE|140391|5405
BEKKEVOORT|ROOSDAAL|83652|3343
BEKKEVOORT|ROTSELAAR|24669|1157
BEKKEVOORT|RUISELEDE|135599|5180
BEKKEVOORT|RUMST|74303|2636
BEKKEVOORT|SCHELLE|86347|3276
BEKKEVOORT|SCHERPENHEUVEL-ZICHEM|5733|537
BEKKEVOORT|SCHILDE|77600|3178
BEKKEVOORT|SCHOTEN|84145|3343
BEKKEVOORT|SINT-AMANDS|83467|3431
BEKKEVOORT|SINT-GENESIUS-RODE|65458|2873
BEKKEVOORT|SINT-GILLIS-WAAS|111955|4146
BEKKEVOORT|SINT-KATELIJNE-WAVER|75701|2831
BEKKEVOORT|SINT-LAUREINS|154754|5709
BEKKEVOORT|SINT-LIEVENS-HOUTEM|97802|3779
BEKKEVOORT|SINT-MARTENS-LATEM|113724|4059
BEKKEVOORT|SINT-NIKLAAS|93920|3745
BEKKEVOORT|SINT-PIETERS-LEEUW|77630|3064
BEKKEVOORT|SINT-TRUIDEN|32510|1997
BEKKEVOORT|SPIERE-HELKIJN|158848|5883
BEKKEVOORT|STABROEK|100396|3699
BEKKEVOORT|STADEN|182507|6541
BEKKEVOORT|STEENOKKERZEEL|46819|1874
BEKKEVOORT|STEKENE|116906|4365
BEKKEVOORT|TEMSE|89279|3528
BEKKEVOORT|TERNAT|73943|2742
BEKKEVOORT|TERVUREN|43663|1854
BEKKEVOORT|TESSENDERLO|18097|1329
BEKKEVOORT|TIELT|140183|5455
BEKKEVOORT|TIELT-WINGE|4920|322
BEKKEVOORT|TIENEN|15646|1003
BEKKEVOORT|TONGEREN|59518|2167
BEKKEVOORT|TORHOUT|160528|5581
BEKKEVOORT|TREMELO|26883|1463
BEKKEVOORT|TURNHOUT|70256|3207
BEKKEVOORT|VEURNE|192214|6472
BEKKEVOORT|VILVOORDE|55203|2181
BEKKEVOORT|VLETEREN|191230|6853
BEKKEVOORT|VOEREN|78165|3360
BEKKEVOORT|VORSELAAR|65911|2702
BEKKEVOORT|VOSSELAAR|72921|3303
BEKKEVOORT|WAARSCHOOT|128765|4827
BEKKEVOORT|WAASMUNSTER|113948|4007
BEKKEVOORT|WACHTEBEKE|128726|4668
BEKKEVOORT|WAREGEM|135954|4882
BEKKEVOORT|WELLEN|42433|1893
BEKKEVOORT|WEMMEL|61719|2373
BEKKEVOORT|WERVIK|166094|5789
BEKKEVOORT|WESTERLO|19774|1561
BEKKEVOORT|WETTEREN|103765|3825
BEKKEVOORT|WEVELGEM|155924|5371
BEKKEVOORT|WEZEMBEEK-OPPEM|47730|1670
BEKKEVOORT|WICHELEN|94386|3884
BEKKEVOORT|WIELSBEKE|140432|5006
BEKKEVOORT|WIJNEGEM|81885|3185
BEKKEVOORT|WILLEBROEK|75100|2944
BEKKEVOORT|WINGENE|145663|5160
BEKKEVOORT|WOMMELGEM|81499|3073
BEKKEVOORT|WORTEGEM-PETEGEM|136583|4946
BEKKEVOORT|WUUSTWEZEL|112564|4149
BEKKEVOORT|ZANDHOVEN|71572|2702
BEKKEVOORT|ZAVENTEM|49025|1929
BEKKEVOORT|ZEDELGEM|153110|5306
BEKKEVOORT|ZELE|120554|4350
BEKKEVOORT|ZELZATE|133001|4791
BEKKEVOORT|ZEMST|63173|2429
BEKKEVOORT|ZINGEM|122673|4550
BEKKEVOORT|ZOERSEL|78344|3138
BEKKEVOORT|ZOMERGEM|131375|4810
BEKKEVOORT|ZONHOVEN|31837|1364
BEKKEVOORT|ZONNEBEKE|174788|5974
BEKKEVOORT|ZOTTEGEM|102235|4141
BEKKEVOORT|ZOUTLEEUW|19595|1383
BEKKEVOORT|ZUIENKERKE|162484|5720
BEKKEVOORT|ZULTE|132459|4734
BEKKEVOORT|ZUTENDAAL|50005|1920
BEKKEVOORT|ZWALM|107561|4471
BEKKEVOORT|ZWEVEGEM|146924|5043
BEKKEVOORT|ZWIJNDRECHT|92682|3405
BERINGEN|BERLAAR|47219|2231
BERINGEN|BERLARE|110213|4544
BERINGEN|BERTEM|57077|2318
BERINGEN|BEVER|133382|4970
BERINGEN|BEVEREN|78138|3281
BERINGEN|BIERBEEK|62454|2563
BERINGEN|BILZEN|36527|1536
BERINGEN|BLANKENBERGE|180644|6855
BERINGEN|BOCHOLT|35294|2384
BERINGEN|BOECHOUT|58224|2803
BERINGEN|BONHEIDEN|58604|3244
BERINGEN|BOOM|76842|3195
BERINGEN|BOORTMEERBEEK|60879|2911
BERINGEN|BORGLOON|40609|1884
BERINGEN|BORNEM|92934|3712
BERINGEN|BORSBEEK|58715|2430
BERINGEN|BOUTERSEM|40761|2307
BERINGEN|BRAKEL|129935|5469
BERINGEN|BRASSCHAAT|72143|2950
BERINGEN|BRECHT|87202|3306
BERINGEN|BREDENE|181015|6575
BERINGEN|BREE|34522|2389
BERINGEN|BRUGGE|171698|6505
BERINGEN|BUGGENHOUT|98123|4103
BERINGEN|DAMME|151117|6002
BERINGEN|DE HAAN|181458|6860
BERINGEN|DE PANNE|212072|7609
BERINGEN|DE PINTE|128638|4805
BERINGEN|DEERLIJK|154423|5578
BERINGEN|DEINZE|140006|5291
BERINGEN|DENDERLEEUW|100013|3831
BERINGEN|DENDERMONDE|100483|4306
BERINGEN|DENTERGEM|149017|5627
BERINGEN|DESSEL|23976|1957
BERINGEN|DESTELBERGEN|116310|4315
BERINGEN|DIEPENBEEK|29926|1291
BERINGEN|DIEST|14242|1075
BERINGEN|DIKSMUIDE|199716|7136
BERINGEN|DILBEEK|87782|3388
BERINGEN|DILSEN-STOKKEM|38900|1796
BERINGEN|DROGENBOS|95022|3624
BERINGEN|DUFFEL|62295|2942
BERINGEN|EDEGEM|67392|2836
BERINGEN|EEKLO|128748|5071
BERINGEN|ERPE-MERE|111281|4202
BERINGEN|ESSEN|96591|4251
BERINGEN|EVERGEM|123501|4851
BERINGEN|GALMAARDEN|117261|5173
BERINGEN|GAVERE|133999|5089
BERINGEN|GEEL|29869|1579
BERINGEN|GEETBETS|24504|1427
BERINGEN|GENK|25923|1322
BERINGEN|GENT|122911|4815
BERINGEN|GERAARDSBERGEN|127171|5298
BERINGEN|GINGELOM|45212|2229
BERINGEN|GISTEL|183749|6534
BERINGEN|GLABBEEK|32926|1651
BERINGEN|GOOIK|102525|4228
BERINGEN|GRIMBERGEN|78016|3063
BERINGEN|GROBBENDONK|40701|1737
BERINGEN|HAACHT|51444|2505
BERINGEN|HAALTERT|104841|3971
BERINGEN|HALEN|17658|976
BERINGEN|HALLE|107559|4126
BERINGEN|HAM|7139|504
BERINGEN|HAMME|91827|3790
BERINGEN|HAMONT-ACHEL|43230|2711
BERINGEN|HARELBEKE|158597|5862
BERINGEN|HASSELT|22427|1102
BERINGEN|HECHTEL-EKSEL|17217|1209
BERINGEN|HEERS|47798|2403
BERINGEN|HEIST-OP-DEN-BERG|43774|2268
BERINGEN|HEMIKSEM|72084|3062
BERINGEN|HERENT|49085|2003
BERINGEN|HERENTALS|35434|1774
BERINGEN|HERENTHOUT|39448|1685
BERINGEN|HERK-DE-STAD|14133|1144
BERINGEN|HERNE|127289|4919
BERINGEN|HERSELT|32773|1956
BERINGEN|HERSTAPPE|47627|2471
BERINGEN|HERZELE|116404|4550
BERINGEN|HEUSDEN-ZOLDER|7040|583
BERINGEN|HEUVELLAND|199862|7375
BERINGEN|HOEGAARDEN|47105|2742
BERINGEN|HOEILAART|77347|3047
BERINGEN|HOESELT|36501|1528
BERINGEN|HOLSBEEK|42762|1712
BERINGEN|HOOGLEDE|187901|6904
BERINGEN|HOOGSTRATEN|64884|3611
BERINGEN|HOREBEKE|132494|5572
BERINGEN|HOUTHALEN-HELCHTEREN|14651|913
BERINGEN|HOUTHULST|200061|7545
BERINGEN|HOVE|61360|3050
BERINGEN|HULDENBERG|63290|2780
BERINGEN|HULSHOUT|41508|2189
BERINGEN|ICHTEGEM|181890|6818
BERINGEN|IEPER|192464|6988
BERINGEN|INGELMUNSTER|162499|6187
BERINGEN|IZEGEM|168416|6470
BERINGEN|JABBEKE|170089|5992
BERINGEN|KALMTHOUT|88724|3791
BERINGEN|KAMPENHOUT|60689|2864
BERINGEN|KAPELLEN|74480|3167
BERINGEN|KAPELLE-OP-DEN-BOS|88252|3712
BERINGEN|KAPRIJKE|124124|4743
BERINGEN|KASTERLEE|38815|1928
BERINGEN|KEERBERGEN|52436|2815
BERINGEN|KINROOI|44089|2799
BERINGEN|KLUISBERGEN|154532|6185
BERINGEN|KNESSELARE|145246|5669
BERINGEN|KNOKKE-HEIST|155537|6361
BERINGEN|KOEKELARE|191139|6919
BERINGEN|KOKSIJDE|206875|7372
BERINGEN|KONTICH|73344|2911
BERINGEN|KORTEMARK|180905|6728
BERINGEN|KORTENAKEN|30996|1569
BERINGEN|KORTENBERG|57987|2498
BERINGEN|KORTESSEM|30904|1301
BERINGEN|KORTRIJK|162742|5768
BERINGEN|KRAAINEM|66772|2565
BERINGEN|KRUIBEKE|75813|3083
BERINGEN|KRUISHOUTEM|143012|5143
BERINGEN|KUURNE|161581|6100
BERINGEN|LAAKDAL|20234|921
BERINGEN|LAARNE|112881|4334
BERINGEN|LANAKEN|39894|2099
BERINGEN|LANDEN|48623|2597
BERINGEN|LANGEMARK-POELKAPELLE|194399|6970
BERINGEN|LEBBEKE|103210|4399
BERINGEN|LEDE|109466|4282
BERINGEN|LEDEGEM|177658|6560
BERINGEN|LENDELEDE|164298|6187
BERINGEN|LENNIK|99817|4043
BERINGEN|LEOPOLDSBURG|9609|824
BERINGEN|LEUVEN|49614|2291
BERINGEN|LICHTERVELDE|180128|6400
BERINGEN|LIEDEKERKE|99625|3786
BERINGEN|LIER|53941|2841
BERINGEN|LIERDE|125720|5144
BERINGEN|LILLE|42652|2226
BERINGEN|LINKEBEEK|85276|3749
BERINGEN|LINT|61777|2936
BERINGEN|LINTER|33670|2051
BERINGEN|LOCHRISTI|114931|4419
BERINGEN|LOKEREN|99925|3912
BERINGEN|LOMMEL|23976|1873
BERINGEN|LONDERZEEL|89492|3407
BERINGEN|LO-RENINGE|206618|7707
BERINGEN|LOVENDEGEM|132628|5293
BERINGEN|LUBBEEK|37483|2033
BERINGEN|LUMMEN|7181|568
BERINGEN|MAARKEDAL|147968|5861
BERINGEN|MAASEIK|48985|2477
BERINGEN|MAASMECHELEN|39188|1761
BERINGEN|MACHELEN|72145|2937
BERINGEN|MALDEGEM|138785|5416
BERINGEN|MALLE|60026|2785
BERINGEN|MECHELEN|83669|3324
BERINGEN|MEERHOUT|17106|1206
BERINGEN|MEEUWEN-GRUITRODE|35506|1888
BERINGEN|MEISE|81156|3015
BERINGEN|MELLE|118306|4281
BERINGEN|MENEN|175208|6372
BERINGEN|MERCHTEM|89491|3599
BERINGEN|MERELBEKE|122578|4576
BERINGEN|MERKSPLAS|55502|2993
BERINGEN|MESEN|191828|7045
BERINGEN|MEULEBEKE|160150|6386
BERINGEN|MIDDELKERKE|193259|6913
BERINGEN|MOERBEKE|103650|3933
BERINGEN|MOL|18515|1508
BERINGEN|MOORSLEDE|183057|6766
BERINGEN|MORTSEL|64006|2861
BERINGEN|NAZARETH|132836|5093
BERINGEN|NEERPELT|33330|1896
BERINGEN|NEVELE|138876|5123
BERINGEN|NIEL|76908|3302
BERINGEN|NIEUWERKERKEN|23941|1726
BERINGEN|NIEUWPOORT|197943|6932
BERINGEN|NIJLEN|44163|1976
BERINGEN|NINOVE|112500|4375
BERINGEN|OLEN|30675|1265
BERINGEN|OOSTENDE|181431|6308
BERINGEN|OOSTERZELE|121577|4429
BERINGEN|OOSTKAMP|159622|5790
BERINGEN|OOSTROZEBEKE|157692|6017
BERINGEN|OPGLABBEEK|30635|1632
BERINGEN|OPWIJK|93644|4018
BERINGEN|OUDENAARDE|142556|5541
BERINGEN|OUDENBURG|177510|6280
BERINGEN|OUD-HEVERLEE|58020|2494
BERINGEN|OUD-TURNHOUT|49355|2599
BERINGEN|OVERIJSE|68009|3154
BERINGEN|OVERPELT|31801|1884
BERINGEN|PEER|23367|1702
BERINGEN|PEPINGEN|102263|4218
BERINGEN|PITTEM|158766|6455
BERINGEN|POPERINGE|204742|7532
BERINGEN|PUTTE|55210|2823
BERINGEN|PUURS|85427|3590
BERINGEN|RANST|52720|2404
BERINGEN|RAVELS|54587|2926
BERINGEN|RETIE|38892|2396
BERINGEN|RIEMST|48345|1911
BERINGEN|RIJKEVORSEL|66120|3231
BERINGEN|ROESELARE|186697|6735
BERINGEN|RONSE|154188|6116
BERINGEN|ROOSDAAL|103435|4164
BERINGEN|ROTSELAAR|44453|1978
BERINGEN|RUISELEDE|149495|5929
BERINGEN|RUMST|77743|3014
BERINGEN|SCHELLE|75435|3228
BERINGEN|SCHERPENHEUVEL-ZICHEM|28859|1584
BERINGEN|SCHILDE|55749|2567
BERINGEN|SCHOTEN|62294|2732
BERINGEN|SINT-AMANDS|91451|4132
BERINGEN|SINT-GENESIUS-RODE|85241|3694
BERINGEN|SINT-GILLIS-WAAS|91163|3699
BERINGEN|SINT-KATELIJNE-WAVER|61809|3321
BERINGEN|SINT-LAUREINS|133962|5262
BERINGEN|SINT-LIEVENS-HOUTEM|117585|4600
BERINGEN|SINT-MARTENS-LATEM|127620|4808
BERINGEN|SINT-NIKLAAS|87185|3295
BERINGEN|SINT-PIETERS-LEEUW|97413|3885
BERINGEN|SINT-TRUIDEN|37008|1861
BERINGEN|SPIERE-HELKIJN|172645|6594
BERINGEN|STABROEK|78544|3087
BERINGEN|STADEN|196403|7290
BERINGEN|STEENOKKERZEEL|66603|2695
BERINGEN|STEKENE|96113|3917
BERINGEN|TEMSE|87728|3418
BERINGEN|TERNAT|93726|3563
BERINGEN|TERVUREN|63446|2675
BERINGEN|TESSENDERLO|12516|879
BERINGEN|TIELT|153981|6165
BERINGEN|TIELT-WINGE|28908|1447
BERINGEN|TIENEN|38456|1999
BERINGEN|TONGEREN|47655|1874
BERINGEN|TORHOUT|174424|6329
BERINGEN|TREMELO|46666|2284
BERINGEN|TURNHOUT|48405|2596
BERINGEN|VEURNE|206110|7220
BERINGEN|VILVOORDE|74986|3002
BERINGEN|VLETEREN|205027|7564
BERINGEN|VOEREN|66302|3067
BERINGEN|VORSELAAR|44059|2091
BERINGEN|VOSSELAAR|51070|2692
BERINGEN|WAARSCHOOT|128112|5278
BERINGEN|WAASMUNSTER|93156|3560
BERINGEN|WACHTEBEKE|107934|4221
BERINGEN|WAREGEM|149752|5592
BERINGEN|WELLEN|30570|1600
BERINGEN|WEMMEL|81502|3194
BERINGEN|WERVIK|179891|6499
BERINGEN|WESTERLO|29732|1516
BERINGEN|WETTEREN|116144|4620
BERINGEN|WEVELGEM|169722|6082
BERINGEN|WEZEMBEEK-OPPEM|67513|2491
BERINGEN|WICHELEN|114170|4705
BERINGEN|WIELSBEKE|154229|5716
BERINGEN|WIJNEGEM|60034|2573
BERINGEN|WILLEBROEK|81821|3486
BERINGEN|WINGENE|159559|5909
BERINGEN|WOMMELGEM|59648|2462
BERINGEN|WORTEGEM-PETEGEM|150380|5656
BERINGEN|WUUSTWEZEL|90713|3538
BERINGEN|ZANDHOVEN|49721|2091
BERINGEN|ZAVENTEM|68808|2750
BERINGEN|ZEDELGEM|167006|6055
BERINGEN|ZELE|99762|3903
BERINGEN|ZELZATE|112209|4344
BERINGEN|ZEMST|82956|3250
BERINGEN|ZINGEM|136470|5261
BERINGEN|ZOERSEL|56493|2527
BERINGEN|ZOMERGEM|145271|5558
BERINGEN|ZONHOVEN|13407|982
BERINGEN|ZONNEBEKE|188585|6684
BERINGEN|ZOTTEGEM|122019|4962
BERINGEN|ZOUTLEEUW|30789|2213
BERINGEN|ZUIENKERKE|176380|6468
BERINGEN|ZULTE|146256|5445
BERINGEN|ZUTENDAAL|31908|1592
BERINGEN|ZWALM|127344|5292
BERINGEN|ZWEVEGEM|160721|5754
BERINGEN|ZWIJNDRECHT|71890|2957