ANTWERPEN|ANZEGEM|88828|3716
ANTWERPEN|ARDOOIE|120214|4617
ANTWERPEN|ARENDONK|56706|2858
ANTWERPEN|AS|94303|4067
ANTWERPEN|ASSE|43424|2903
ANTWERPEN|ASSENEDE|52496|2565
ANTWERPEN|AVELGEM|98022|4318
ANTWERPEN|BAARLE-HERTOG|61078|3405
ANTWERPEN|BALEN|58755|3400
ANTWERPEN|BEERNEM|92030|3815
ANTWERPEN|BEERSE|40157|2228
ANTWERPEN|BEERSEL|58083|2915
ANTWERPEN|BEGIJNENDIJK|48117|2930
ANTWERPEN|BEKKEVOORT|89171|3509
ANTWERPEN|BERINGEN|63657|3011
ANTWERPEN|BERLAAR|30958|2350
ANTWERPEN|BERLARE|47156|2665
ANTWERPEN|BERTEM|56349|2557
ANTWERPEN|BEVER|93089|4202
ANTWERPEN|BEVEREN|15080|1402
ANTWERPEN|BIERBEEK|66898|2991
ANTWERPEN|BILZEN|94318|4032
ANTWERPEN|BLANKENBERGE|117587|4976
ANTWERPEN|BOCHOLT|109383|4991
ANTWERPEN|BOECHOUT|12705|1751
ANTWERPEN|BONHEIDEN|30102|1959
ANTWERPEN|BOOM|15784|1387
ANTWERPEN|BOORTMEERBEEK|39329|2222
ANTWERPEN|BORGLOON|98400|4380
ANTWERPEN|BORNEM|29876|1833
ANTWERPEN|BORSBEEK|7814|1354
ANTWERPEN|BOUTERSEM|72299|2995
ANTWERPEN|BRAKEL|89005|4333
ANTWERPEN|BRASSCHAAT|12331|1404
ANTWERPEN|BRECHT|27391|1760
ANTWERPEN|BREDENE|117958|4696
ANTWERPEN|BREE|106642|4946
ANTWERPEN|BRUGGE|108641|4626
ANTWERPEN|BUGGENHOUT|32577|2468
ANTWERPEN|DAMME|86562|4081
ANTWERPEN|DE HAAN|118400|4981
ANTWERPEN|DE PANNE|149015|5730
ANTWERPEN|DE PINTE|65580|2926
ANTWERPEN|DEERLIJK|91366|3698
ANTWERPEN|DEINZE|76949|3412
ANTWERPEN|DENDERLEEUW|59720|3064
ANTWERPEN|DENDERMONDE|37425|2426
ANTWERPEN|DENTERGEM|85959|3748
ANTWERPEN|DESSEL|59220|3079
ANTWERPEN|DESTELBERGEN|53253|2435
ANTWERPEN|DIEPENBEEK|87717|3787
ANTWERPEN|DIEST|62828|3426
ANTWERPEN|DIKSMUIDE|136659|5257
ANTWERPEN|DILBEEK|47489|2620
ANTWERPEN|DILSEN-STOKKEM|103049|4365
ANTWERPEN|DROGENBOS|54730|2856
ANTWERPEN|DUFFEL|22338|1607
ANTWERPEN|EDEGEM|7704|1256
ANTWERPEN|EEKLO|64194|3150
ANTWERPEN|ERPE-MERE|74811|3299
ANTWERPEN|ESSEN|36780|2705
ANTWERPEN|EVERGEM|58946|2930
ANTWERPEN|GALMAARDEN|76969|4405
ANTWERPEN|GAVERE|70941|3209
ANTWERPEN|GEEL|45880|2704
ANTWERPEN|GEETBETS|87025|3973
ANTWERPEN|GENK|90072|3890
ANTWERPEN|GENT|59854|2936
ANTWERPEN|GERAARDSBERGEN|87990|4300
ANTWERPEN|GINGELOM|98965|3837
ANTWERPEN|GISTEL|120692|4654
ANTWERPEN|GLABBEEK|82810|3792
ANTWERPEN|GOOIK|62233|3461
ANTWERPEN|GRIMBERGEN|36141|2252
ANTWERPEN|GROBBENDONK|30507|1939
ANTWERPEN|HAACHT|41777|2630
ANTWERPEN|HAALTERT|64549|3203
ANTWERPEN|HALEN|80179|3523
ANTWERPEN|HALLE|67267|3358
ANTWERPEN|HAM|62570|3060
ANTWERPEN|HAMME|28769|1911
ANTWERPEN|HAMONT-ACHEL|93784|4685
ANTWERPEN|HARELBEKE|95539|3982
ANTWERPEN|HASSELT|80218|3598
ANTWERPEN|HECHTEL-EKSEL|74811|3864
ANTWERPEN|HEERS|117344|4433
ANTWERPEN|HEIST-OP-DEN-BERG|42889|2804
ANTWERPEN|HEMIKSEM|11047|1375
ANTWERPEN|HERENT|48655|2810
ANTWERPEN|HERENTALS|32646|2118
ANTWERPEN|HERENTHOUT|32367|2137
ANTWERPEN|HERK-DE-STAD|76755|3762
ANTWERPEN|HERNE|86997|4151
ANTWERPEN|HERSELT|46006|2840
ANTWERPEN|HERSTAPPE|120782|4514
ANTWERPEN|HERZELE|80881|3695
ANTWERPEN|HEUSDEN-ZOLDER|70190|3567
ANTWERPEN|HEUVELLAND|136804|5496
ANTWERPEN|HOEGAARDEN|82572|3454
ANTWERPEN|HOEILAART|57249|2683
ANTWERPEN|HOESELT|94292|4023
ANTWERPEN|HOLSBEEK|69375|2890
ANTWERPEN|HOOGLEDE|124844|5025
ANTWERPEN|HOOGSTRATEN|36876|2213
ANTWERPEN|HOREBEKE|88081|4127
ANTWERPEN|HOUTHALEN-HELCHTEREN|78800|3481
ANTWERPEN|HOUTHULST|137003|5666
ANTWERPEN|HOVE|9239|1625
ANTWERPEN|HULDENBERG|65955|2993
ANTWERPEN|HULSHOUT|43692|2802
ANTWERPEN|ICHTEGEM|118832|4938
ANTWERPEN|IEPER|129407|5108
ANTWERPEN|INGELMUNSTER|99442|4307
ANTWERPEN|IZEGEM|105358|4590
ANTWERPEN|JABBEKE|107031|4112
ANTWERPEN|KALMTHOUT|28912|2246
ANTWERPEN|KAMPENHOUT|39645|2280
ANTWERPEN|KAPELLEN|14668|1622
ANTWERPEN|KAPELLE-OP-DEN-BOS|27194|1904
ANTWERPEN|KAPRIJKE|59569|2822
ANTWERPEN|KASTERLEE|50062|2533
ANTWERPEN|KEERBERGEN|39199|2449
ANTWERPEN|KINROOI|116209|5356
ANTWERPEN|KLUISBERGEN|91474|4306
ANTWERPEN|KNESSELARE|80691|3748
ANTWERPEN|KNOKKE-HEIST|90982|4440
ANTWERPEN|KOEKELARE|128082|5040
ANTWERPEN|KOKSIJDE|143817|5492
ANTWERPEN|KONTICH|15009|1216
ANTWERPEN|KORTEMARK|117847|4849
ANTWERPEN|KORTENAKEN|96343|3976
ANTWERPEN|KORTENBERG|46847|2419
ANTWERPEN|KORTESSEM|88695|3797
ANTWERPEN|KORTRIJK|99685|3888
ANTWERPEN|KRAAINEM|46801|2232
ANTWERPEN|KRUIBEKE|12756|1204
ANTWERPEN|KRUISHOUTEM|79955|3263
ANTWERPEN|KUURNE|98524|4220
ANTWERPEN|LAAKDAL|50052|2546
ANTWERPEN|LAARNE|49824|2455
ANTWERPEN|LANAKEN|104043|4667
ANTWERPEN|LANDEN|98014|3884
ANTWERPEN|LANGEMARK-POELKAPELLE|131342|5090
ANTWERPEN|LEBBEKE|40153|2519
ANTWERPEN|LEDE|54588|3210
ANTWERPEN|LEDEGEM|114601|4680
ANTWERPEN|LENDELEDE|101241|4307
ANTWERPEN|LENNIK|59525|3276
ANTWERPEN|LEOPOLDSBURG|67204|3479
ANTWERPEN|LEUVEN|64574|3107
ANTWERPEN|LICHTERVELDE|117071|4521
ANTWERPEN|LIEDEKERKE|59333|3018
ANTWERPEN|LIER|30062|2231
ANTWERPEN|LIERDE|84789|4008
ANTWERPEN|LILLE|34369|1952
ANTWERPEN|LINKEBEEK|58387|3350
ANTWERPEN|LINT|19034|1645
ANTWERPEN|LINTER|92231|3960
ANTWERPEN|LOCHRISTI|51874|2539
ANTWERPEN|LOKEREN|36867|2032
ANTWERPEN|LOMMEL|71309|4127
ANTWERPEN|LONDERZEEL|27593|1897
ANTWERPEN|LO-RENINGE|143561|5827
ANTWERPEN|LOVENDEGEM|68073|3372
ANTWERPEN|LUBBEEK|78227|3554
ANTWERPEN|LUMMEN|69803|3186
ANTWERPEN|MAARKEDAL|84911|3981
ANTWERPEN|MAASEIK|113134|5045
ANTWERPEN|MAASMECHELEN|103337|4329
ANTWERPEN|MACHELEN|42118|2149
ANTWERPEN|MALDEGEM|74230|3495
ANTWERPEN|MALLE|30474|1983
ANTWERPEN|MECHELEN|25334|1629
ANTWERPEN|MEERHOUT|52525|2792
ANTWERPEN|MEEUWEN-GRUITRODE|99655|4456
ANTWERPEN|MEISE|34285|2089
ANTWERPEN|MELLE|55248|2401
ANTWERPEN|MENEN|112151|4493
ANTWERPEN|MERCHTEM|39657|2489
ANTWERPEN|MERELBEKE|59520|2696
ANTWERPEN|MERKSPLAS|45541|2743
ANTWERPEN|MESEN|128771|5166
ANTWERPEN|MEULEBEKE|97093|4507
ANTWERPEN|MIDDELKERKE|130202|5033
ANTWERPEN|MOERBEKE|39096|2012
ANTWERPEN|MOL|55967|3407
ANTWERPEN|MOORSLEDE|120000|4887
ANTWERPEN|MORTSEL|8390|1529
ANTWERPEN|NAZARETH|69779|3213
ANTWERPEN|NEERPELT|94222|4310
ANTWERPEN|NEVELE|75818|3244
ANTWERPEN|NIEL|15850|1493
ANTWERPEN|NIEUWERKERKEN|88787|4326
ANTWERPEN|NIEUWPOORT|134886|5053
ANTWERPEN|NIJLEN|24529|1855
ANTWERPEN|NINOVE|72208|3608
ANTWERPEN|OLEN|35262|2055
ANTWERPEN|OOSTENDE|118373|4429
ANTWERPEN|OOSTERZELE|65752|2914
ANTWERPEN|OOSTKAMP|96565|3911
ANTWERPEN|OOSTROZEBEKE|94634|4138
ANTWERPEN|OPGLABBEEK|94784|4201
ANTWERPEN|OPWIJK|43810|2908
ANTWERPEN|OUDENAARDE|79499|3661
ANTWERPEN|OUDENBURG|114452|4400
ANTWERPEN|OUD-HEVERLEE|60353|2847
ANTWERPEN|OUD-TURNHOUT|47745|2562
ANTWERPEN|OVERIJSE|59944|2768
ANTWERPEN|OVERPELT|78631|4430
ANTWERPEN|PEER|80962|4357
ANTWERPEN|PEPINGEN|61971|3450
ANTWERPEN|PITTEM|95708|4576
ANTWERPEN|POPERINGE|141684|5653
ANTWERPEN|PUTTE|35174|2076
ANTWERPEN|PUURS|24369|1781
ANTWERPEN|RANST|14127|1632
ANTWERPEN|RAVELS|52977|2889
ANTWERPEN|RETIE|53942|2661
ANTWERPEN|RIEMST|106136|4407
ANTWERPEN|RIJKEVORSEL|35861|2368
ANTWERPEN|ROESELARE|123640|4856
ANTWERPEN|RONSE|91130|4236
ANTWERPEN|ROOSDAAL|63143|3396
ANTWERPEN|ROTSELAAR|70866|3120
ANTWERPEN|RUISELEDE|86438|4049
ANTWERPEN|RUMST|19408|1319
ANTWERPEN|SCHELLE|14377|1420
ANTWERPEN|SCHERPENHEUVEL-ZICHEM|66039|3775
ANTWERPEN|SCHILDE|16217|1690
ANTWERPEN|SCHOTEN|10970|1353
ANTWERPEN|SINT-AMANDS|30392|2324
ANTWERPEN|SINT-GENESIUS-RODE|65144|3330
ANTWERPEN|SINT-GILLIS-WAAS|26608|1777
ANTWERPEN|SINT-KATELIJNE-WAVER|28814|1743
ANTWERPEN|SINT-LAUREINS|69407|3341
ANTWERPEN|SINT-LIEVENS-HOUTEM|69637|3152
ANTWERPEN|SINT-MARTENS-LATEM|64563|2928
ANTWERPEN|SINT-NIKLAAS|24127|1416
ANTWERPEN|SINT-PIETERS-LEEUW|57121|3117
ANTWERPEN|SINT-TRUIDEN|94799|4356
ANTWERPEN|SPIERE-HELKIJN|109588|4714
ANTWERPEN|STABROEK|18733|1542
ANTWERPEN|STADEN|133346|5410
ANTWERPEN|STEENOKKERZEEL|43313|2212
ANTWERPEN|STEKENE|31559|1996
ANTWERPEN|TEMSE|24671|1538
ANTWERPEN|TERNAT|53434|2796
ANTWERPEN|TERVUREN|52824|2400
ANTWERPEN|TESSENDERLO|55975|3026
ANTWERPEN|TIELT|90923|4286
ANTWERPEN|TIELT-WINGE|87734|3607
ANTWERPEN|TIENEN|82555|3506
ANTWERPEN|TONGEREN|105446|4369
ANTWERPEN|TORHOUT|111367|4450
ANTWERPEN|TREMELO|43989|2809
ANTWERPEN|TURNHOUT|44010|2422
ANTWERPEN|VEURNE|143053|5341
ANTWERPEN|VILVOORDE|42132|2156
ANTWERPEN|VLETEREN|141970|5684
ANTWERPEN|VOEREN|124093|5562
ANTWERPEN|VORSELAAR|33865|2293
ANTWERPEN|VOSSELAAR|41170|2285
ANTWERPEN|WAARSCHOOT|63557|3357
ANTWERPEN|WAASMUNSTER|30098|1680
ANTWERPEN|WACHTEBEKE|43379|2300
ANTWERPEN|WAREGEM|86694|3713
ANTWERPEN|WELLEN|88361|4096
ANTWERPEN|WEMMEL|41227|2411
ANTWERPEN|WERVIK|116834|4620
ANTWERPEN|WESTERLO|43766|2744
ANTWERPEN|WETTEREN|53086|2741
ANTWERPEN|WEVELGEM|106664|4202
ANTWERPEN|WEZEMBEEK-OPPEM|47415|2127
ANTWERPEN|WICHELEN|50903|2968
ANTWERPEN|WIELSBEKE|91172|3837
ANTWERPEN|WIJNEGEM|10800|1357
ANTWERPEN|WILLEBROEK|20763|1677
ANTWERPEN|WINGENE|96502|4029
ANTWERPEN|WOMMELGEM|10853|1340
ANTWERPEN|WORTEGEM-PETEGEM|87323|3777
ANTWERPEN|WUUSTWEZEL|30902|1992
ANTWERPEN|ZANDHOVEN|20661|1602
ANTWERPEN|ZAVENTEM|43888|2128
ANTWERPEN|ZEDELGEM|103949|4175
ANTWERPEN|ZELE|36704|2023
ANTWERPEN|ZELZATE|47654|2422
ANTWERPEN|ZEMST|32274|1895
ANTWERPEN|ZINGEM|73413|3381
ANTWERPEN|ZOERSEL|26940|1724
ANTWERPEN|ZOMERGEM|82214|3679
ANTWERPEN|ZONHOVEN|77890|3604
ANTWERPEN|ZONNEBEKE|125528|4805
ANTWERPEN|ZOTTEGEM|75439|3565
ANTWERPEN|ZOUTLEEUW|95019|4085
ANTWERPEN|ZUIENKERKE|113323|4588
ANTWERPEN|ZULTE|83199|3565
ANTWERPEN|ZUTENDAAL|96057|4160
ANTWERPEN|ZWALM|74737|3783
ANTWERPEN|ZWEVEGEM|97664|3875
ANTWERPEN|ZWIJNDRECHT|8832|1078
ANZEGEM|ARDOOIE|28977|1980
ANZEGEM|ARENDONK|144684|5458
ANZEGEM|AS|181004|6412
ANZEGEM|ASSE|71763|3008
ANZEGEM|ASSENEDE|64190|3009
ANZEGEM|AVELGEM|9400|660
ANZEGEM|BAARLE-HERTOG|149056|6006
ANZEGEM|BALEN|146733|6000
ANZEGEM|BEERNEM|66071|2694
ANZEGEM|BEERSE|128135|4828
ANZEGEM|BEERSEL|89340|3402
ANZEGEM|BEGIJNENDIJK|132727|5045
ANZEGEM|BEKKEVOORT|137585|4927
ANZEGEM|BERINGEN|151635|5611
ANZEGEM|BERLAAR|118936|4950
ANZEGEM|BERLARE|59691|2945
ANZEGEM|BERTEM|104763|3975
ANZEGEM|BEVER|52834|2604
ANZEGEM|BEVEREN|79903|3331
ANZEGEM|BIERBEEK|115312|4409
ANZEGEM|BILZEN|181143|6415
ANZEGEM|BLANKENBERGE|86670|3654
ANZEGEM|BOCHOLT|196083|7336
ANZEGEM|BOECHOUT|102933|4295
ANZEGEM|BONHEIDEN|107253|4406
ANZEGEM|BOOM|88961|3813
ANZEGEM|BOORTMEERBEEK|106315|4283
ANZEGEM|BORGLOON|171880|6383
ANZEGEM|BORNEM|76837|3137
ANZEGEM|BORSBEEK|97987|3927
ANZEGEM|BOUTERSEM|120713|4413
ANZEGEM|BRAKEL|25883|1696
ANZEGEM|BRASSCHAAT|103882|4075
ANZEGEM|BRECHT|118942|4431
ANZEGEM|BREDENE|87509|3429
ANZEGEM|BREE|193343|7290
ANZEGEM|BRUGGE|77724|3304
ANZEGEM|BUGGENHOUT|74662|3669
ANZEGEM|DAMME|82477|3568
ANZEGEM|DE HAAN|87952|3714
ANZEGEM|DE PANNE|86080|4193
ANZEGEM|DE PINTE|28820|1442
ANZEGEM|DEERLIJK|13101|875
ANZEGEM|DEINZE|19767|1397
ANZEGEM|DENDERLEEUW|62999|2777
ANZEGEM|DENDERMONDE|66245|3005
ANZEGEM|DENTERGEM|20078|1336
ANZEGEM|DESSEL|147198|5679
ANZEGEM|DESTELBERGEN|43491|1911
ANZEGEM|DIEPENBEEK|174542|6169
ANZEGEM|DIEST|141723|5250
ANZEGEM|DIKSMUIDE|70724|3236
ANZEGEM|DILBEEK|78746|3108
ANZEGEM|DILSEN-STOKKEM|189750|6710
ANZEGEM|DROGENBOS|85987|3343
ANZEGEM|DUFFEL|105312|4168
ANZEGEM|EDEGEM|96037|3883
ANZEGEM|EEKLO|58331|2836
ANZEGEM|ERPE-MERE|53606|2368
ANZEGEM|ESSEN|128331|5376
ANZEGEM|EVERGEM|48618|2231
ANZEGEM|GALMAARDEN|43961|2981
ANZEGEM|GAVERE|21122|1384
ANZEGEM|GEEL|133858|5304
ANZEGEM|GEETBETS|152415|5679
ANZEGEM|GENK|176773|6235
ANZEGEM|GENT|38117|1967
ANZEGEM|GERAARDSBERGEN|35883|2437
ANZEGEM|GINGELOM|147379|5254
ANZEGEM|GISTEL|90243|3388
ANZEGEM|GLABBEEK|131224|5210
ANZEGEM|GOOIK|78456|3471
ANZEGEM|GRIMBERGEN|85146|3324
ANZEGEM|GROBBENDONK|118485|4540
ANZEGEM|HAACHT|106889|4612
ANZEGEM|HAALTERT|59998|2545
ANZEGEM|HALEN|145569|5229
ANZEGEM|HALLE|73942|3268
ANZEGEM|HAM|150548|5660
ANZEGEM|HAMME|71125|3064
ANZEGEM|HAMONT-ACHEL|181762|7285
ANZEGEM|HARELBEKE|17274|1159
ANZEGEM|HASSELT|167043|5980
ANZEGEM|HECHTEL-EKSEL|162789|6465
ANZEGEM|HEERS|165757|5851
ANZEGEM|HEIST-OP-DEN-BERG|125862|5365
ANZEGEM|HEMIKSEM|93997|3948
ANZEGEM|HERENT|112206|4169
ANZEGEM|HERENTALS|120624|4718
ANZEGEM|HERENTHOUT|120345|4737
ANZEGEM|HERK-DE-STAD|150205|5592
ANZEGEM|HERNE|60856|2991
ANZEGEM|HERSELT|136892|5308
ANZEGEM|HERSTAPPE|169196|5932
ANZEGEM|HERZELE|34922|2619
ANZEGEM|HEUSDEN-ZOLDER|163248|5975
ANZEGEM|HEUVELLAND|58539|2672
ANZEGEM|HOEGAARDEN|130986|4872
ANZEGEM|HOEILAART|105663|4101
ANZEGEM|HOESELT|181117|6406
ANZEGEM|HOLSBEEK|117788|4308
ANZEGEM|HOOGLEDE|53362|2354
ANZEGEM|HOOGSTRATEN|128428|4884
ANZEGEM|HOREBEKE|19100|1241
ANZEGEM|HOUTHALEN-HELCHTEREN|165501|5826
ANZEGEM|HOUTHULST|62285|2838
ANZEGEM|HOVE|101142|4093
ANZEGEM|HULDENBERG|114368|4411
ANZEGEM|HULSHOUT|131670|5402
ANZEGEM|ICHTEGEM|69111|3023
ANZEGEM|IEPER|51142|2285
ANZEGEM|INGELMUNSTER|21224|1448
ANZEGEM|IZEGEM|27093|1767
ANZEGEM|JABBEKE|76583|2845
ANZEGEM|KALMTHOUT|120463|4917
ANZEGEM|KAMPENHOUT|98940|3956
ANZEGEM|KAPELLEN|106220|4293
ANZEGEM|KAPELLE-OP-DEN-BOS|95113|3783
ANZEGEM|KAPRIJKE|63710|3241
ANZEGEM|KASTERLEE|138040|5133
ANZEGEM|KEERBERGEN|110298|4932
ANZEGEM|KINROOI|202910|7701
ANZEGEM|KLUISBERGEN|7720|619
ANZEGEM|KNESSELARE|39441|2613
ANZEGEM|KNOKKE-HEIST|69487|4254
ANZEGEM|KOEKELARE|72242|3171
ANZEGEM|KOKSIJDE|85353|4099
ANZEGEM|KONTICH|97982|3777
ANZEGEM|KORTEMARK|59245|2535
ANZEGEM|KORTENAKEN|144756|5394
ANZEGEM|KORTENBERG|99437|3892
ANZEGEM|KORTESSEM|175521|6180
ANZEGEM|KORTRIJK|21420|1065
ANZEGEM|KRAAINEM|95215|3650
ANZEGEM|KRUIBEKE|79406|3246
ANZEGEM|KRUISHOUTEM|9685|659
ANZEGEM|KUURNE|20259|1397
ANZEGEM|LAAKDAL|138030|5146
ANZEGEM|LAARNE|45319|2075
ANZEGEM|LANAKEN|190744|7012
ANZEGEM|LANDEN|146427|5302
ANZEGEM|LANGEMARK-POELKAPELLE|53077|2267
ANZEGEM|LEBBEKE|71799|3388
ANZEGEM|LEDE|56654|2454
ANZEGEM|LEDEGEM|36336|1857
ANZEGEM|LENDELEDE|22976|1484
ANZEGEM|LENNIK|78087|3557
ANZEGEM|LEOPOLDSBURG|155182|6079
ANZEGEM|LEUVEN|112988|4525
ANZEGEM|LICHTERVELDE|52160|2106
ANZEGEM|LIEDEKERKE|67624|2763
ANZEGEM|LIER|113035|4793
ANZEGEM|LIERDE|30975|1991
ANZEGEM|LILLE|122347|4552
ANZEGEM|LINKEBEEK|89644|3837
ANZEGEM|LINT|102008|4206
ANZEGEM|LINTER|140644|5378
ANZEGEM|LOCHRISTI|47758|2200
ANZEGEM|LOKEREN|57589|2453
ANZEGEM|LOMMEL|159287|6727
ANZEGEM|LONDERZEEL|91879|3520
ANZEGEM|LO-RENINGE|65296|3004
ANZEGEM|LOVENDEGEM|49503|2290
ANZEGEM|LUBBEEK|126640|4971
ANZEGEM|LUMMEN|155314|5650
ANZEGEM|MAARKEDAL|15930|1095
ANZEGEM|MAASEIK|199835|7390
ANZEGEM|MAASMECHELEN|190038|6674
ANZEGEM|MACHELEN|93039|3660
ANZEGEM|MALDEGEM|47266|3043
ANZEGEM|MALLE|118452|4583
ANZEGEM|MECHELEN|108307|4191
ANZEGEM|MEERHOUT|140503|5393
ANZEGEM|MEEUWEN-GRUITRODE|186356|6801
ANZEGEM|MEISE|83543|3128
ANZEGEM|MELLE|39522|1739
ANZEGEM|MENEN|33886|1669
ANZEGEM|MERCHTEM|80853|3717
ANZEGEM|MERELBEKE|33881|1798
ANZEGEM|MERKSPLAS|133519|5343
ANZEGEM|MESEN|50506|2342
ANZEGEM|MEULEBEKE|21895|1752
ANZEGEM|MIDDELKERKE|99754|3766
ANZEGEM|MOERBEKE|62688|3088
ANZEGEM|MOL|143945|6007
ANZEGEM|MOORSLEDE|41735|2063
ANZEGEM|MORTSEL|93727|4202
ANZEGEM|NAZARETH|23278|1271
ANZEGEM|NEERPELT|182200|6910
ANZEGEM|NEVELE|29914|1986
ANZEGEM|NIEL|98800|4067
ANZEGEM|NIEUWERKERKEN|160612|6189
ANZEGEM|NIEUWPOORT|104437|3786
ANZEGEM|NIJLEN|112507|4455
ANZEGEM|NINOVE|45232|2965
ANZEGEM|OLEN|123240|4656
ANZEGEM|OOSTENDE|87925|3162
ANZEGEM|OOSTERZELE|44547|1983
ANZEGEM|OOSTKAMP|70605|2789
ANZEGEM|OOSTROZEBEKE|16417|1279
ANZEGEM|OPGLABBEEK|181485|6545
ANZEGEM|OPWIJK|71279|3497
ANZEGEM|OUDENAARDE|10190|716
ANZEGEM|OUDENBURG|84004|3133
ANZEGEM|OUD-HEVERLEE|108766|4265
ANZEGEM|OUD-TURNHOUT|135723|5162
ANZEGEM|OVERIJSE|108357|4186
ANZEGEM|OVERPELT|166609|7030
ANZEGEM|PEER|181288|6792
ANZEGEM|PEPINGEN|75730|3535
ANZEGEM|PITTEM|28258|2026
ANZEGEM|POPERINGE|63419|2829
ANZEGEM|PUTTE|118147|4637
ANZEGEM|PUURS|81499|3459
ANZEGEM|RANST|102105|4232
ANZEGEM|RAVELS|140955|5489
ANZEGEM|RETIE|141920|5261
ANZEGEM|RIEMST|192961|6790
ANZEGEM|RIJKEVORSEL|124546|5029
ANZEGEM|ROESELARE|45375|2033
ANZEGEM|RONSE|14943|1065
ANZEGEM|ROOSDAAL|71434|3140
ANZEGEM|ROTSELAAR|119280|4538
ANZEGEM|RUISELEDE|30800|2189
ANZEGEM|RUMST|102382|3881
ANZEGEM|SCHELLE|97327|3993
ANZEGEM|SCHERPENHEUVEL-ZICHEM|137207|5174
ANZEGEM|SCHILDE|104195|4291
ANZEGEM|SCHOTEN|99322|4134
ANZEGEM|SINT-AMANDS|75533|3832
ANZEGEM|SINT-GENESIUS-RODE|84986|4003
ANZEGEM|SINT-GILLIS-WAAS|78024|3386
ANZEGEM|SINT-KATELIJNE-WAVER|111787|4304
ANZEGEM|SINT-LAUREINS|55456|3531
ANZEGEM|SINT-LIEVENS-HOUTEM|48432|2222
ANZEGEM|SINT-MARTENS-LATEM|27785|1635
ANZEGEM|SINT-NIKLAAS|69113|2629
ANZEGEM|SINT-PIETERS-LEEUW|88378|3605
ANZEGEM|SINT-TRUIDEN|149653|6058
ANZEGEM|SPIERE-HELKIJN|18796|1479
ANZEGEM|STABROEK|106658|4113
ANZEGEM|STADEN|53868|2613
ANZEGEM|STEENOKKERZEEL|95974|3831
ANZEGEM|STEKENE|72204|3370
ANZEGEM|TEMSE|71631|2843
ANZEGEM|TERNAT|69657|2807
ANZEGEM|TERVUREN|101238|3818
ANZEGEM|TESSENDERLO|143953|5626
ANZEGEM|TIELT|24711|1933
ANZEGEM|TIELT-WINGE|136148|5025
ANZEGEM|TIENEN|130969|4924
ANZEGEM|TONGEREN|173276|6385
ANZEGEM|TORHOUT|61646|2534
ANZEGEM|TREMELO|125118|4917
ANZEGEM|TURNHOUT|131988|5022
ANZEGEM|VEURNE|80727|3826
ANZEGEM|VILVOORDE|87982|3487
ANZEGEM|VLETEREN|63705|2861
ANZEGEM|VOEREN|196090|7065
ANZEGEM|VORSELAAR|121843|4894
ANZEGEM|VOSSELAAR|129148|4885
ANZEGEM|WAARSCHOOT|53644|2574
ANZEGEM|WAASMUNSTER|63243|2552
ANZEGEM|WACHTEBEKE|57335|2732
ANZEGEM|WAREGEM|8477|854
ANZEGEM|WELLEN|175754|6545
ANZEGEM|WEMMEL|80979|3189
ANZEGEM|WERVIK|38569|1796
ANZEGEM|WESTERLO|131744|5344
ANZEGEM|WETTEREN|46057|2138
ANZEGEM|WEVELGEM|28399|1379
ANZEGEM|WEZEMBEEK-OPPEM|95829|3545
ANZEGEM|WICHELEN|54069|2824
ANZEGEM|WIELSBEKE|12954|978
ANZEGEM|WIJNEGEM|98778|3957
ANZEGEM|WILLEBROEK|86086|3797
ANZEGEM|WINGENE|33664|2403
ANZEGEM|WOMMELGEM|98831|3941
ANZEGEM|WORTEGEM-PETEGEM|5219|365
ANZEGEM|WUUSTWEZEL|122453|4663
ANZEGEM|ZANDHOVEN|108639|4202
ANZEGEM|ZAVENTEM|92301|3546
ANZEGEM|ZEDELGEM|66646|2726
ANZEGEM|ZELE|59191|2552
ANZEGEM|ZELZATE|61668|2878
ANZEGEM|ZEMST|101023|3916
ANZEGEM|ZINGEM|17209|1238
ANZEGEM|ZOERSEL|114919|4324
ANZEGEM|ZOMERGEM|56254|2557
ANZEGEM|ZONHOVEN|164590|5949
ANZEGEM|ZONNEBEKE|47263|1981
ANZEGEM|ZOTTEGEM|29277|1979
ANZEGEM|ZOUTLEEUW|143433|5503
ANZEGEM|ZUIENKERKE|82406|3267
ANZEGEM|ZULTE|14033|1130
ANZEGEM|ZUTENDAAL|182758|6505
ANZEGEM|ZWALM|22108|1697
ANZEGEM|ZWEVEGEM|19399|1051
ANZEGEM|ZWIJNDRECHT|83322|3218
ARDOOIE|0|0
ARDOOIE|ARENDONK|155791|6115
ARDOOIE|AS|191907|7018
ARDOOIE|ASSE|82666|3615
ARDOOIE|ASSENEDE|61621|3195
ARDOOIE|AVELGEM|44492|2179
ARDOOIE|BAARLE-HERTOG|160164|6662
ARDOOIE|BALEN|157840|6657
ARDOOIE|BEERNEM|36191|1591
ARDOOIE|BEERSE|139243|5484
ARDOOIE|BEERSEL|100244|4009
ARDOOIE|BEGIJNENDIJK|143630|5651
ARDOOIE|BEKKEVOORT|148488|5533
ARDOOIE|BERINGEN|162742|6268
ARDOOIE|BERLAAR|130044|5607
ARDOOIE|BERLARE|70799|3602
ARDOOIE|BERTEM|115666|4582
ARDOOIE|BEVER|94858|3382
ARDOOIE|BEVEREN|91010|3987
ARDOOIE|BIERBEEK|126215|5016
ARDOOIE|BILZEN|192046|7021
ARDOOIE|BLANKENBERGE|43533|2163
ARDOOIE|BOCHOLT|206987|7943
ARDOOIE|BOECHOUT|114040|4952
ARDOOIE|BONHEIDEN|118157|5013
ARDOOIE|BOOM|100069|4470
ARDOOIE|BOORTMEERBEEK|117218|4889
ARDOOIE|BORGLOON|182784|6990
ARDOOIE|BORNEM|87944|3794
ARDOOIE|BORSBEEK|109095|4584
ARDOOIE|BOUTERSEM|131616|5019
ARDOOIE|BRAKEL|51746|3352
ARDOOIE|BRASSCHAAT|114990|4732
ARDOOIE|BRECHT|130049|5088
ARDOOIE|BREDENE|44372|1938
ARDOOIE|BREE|204246|7897
ARDOOIE|BRUGGE|34587|1813
ARDOOIE|BUGGENHOUT|85770|4325
ARDOOIE|DAMME|39340|2077
ARDOOIE|DE HAAN|44815|2223
ARDOOIE|DE PANNE|75429|2972
ARDOOIE|DE PINTE|39482|2379
ARDOOIE|DEERLIJK|20853|1457
ARDOOIE|DEINZE|24992|1534
ARDOOIE|DENDERLEEUW|73902|3384
ARDOOIE|DENDERMONDE|77353|3662
ARDOOIE|DENTERGEM|20086|1251
ARDOOIE|DESSEL|158305|6335
ARDOOIE|DESTELBERGEN|54598|2568
ARDOOIE|DIEPENBEEK|185445|6776
ARDOOIE|DIEST|152626|5857
ARDOOIE|DIKSMUIDE|29401|1905
ARDOOIE|DILBEEK|89649|3714
ARDOOIE|DILSEN-STOKKEM|200653|7316
ARDOOIE|DROGENBOS|96890|3950
ARDOOIE|DUFFEL|116419|4825
ARDOOIE|EDEGEM|107144|4540
ARDOOIE|EEKLO|39118|2359
ARDOOIE|ERPE-MERE|64509|2975
ARDOOIE|ESSEN|139439|6033
ARDOOIE|EVERGEM|48648|2581
ARDOOIE|GALMAARDEN|101892|3941
ARDOOIE|GAVERE|36677|2419
ARDOOIE|GEEL|144965|5961
ARDOOIE|GEETBETS|163318|6285
ARDOOIE|GENK|187677|6842
ARDOOIE|GENT|43620|2582
ARDOOIE|GERAARDSBERGEN|94595|3876
ARDOOIE|GINGELOM|158282|5861
ARDOOIE|GISTEL|47106|1897
ARDOOIE|GLABBEEK|142127|5817
ARDOOIE|GOOIK|89360|4078
ARDOOIE|GRIMBERGEN|96049|3930
ARDOOIE|GROBBENDONK|129592|5196
ARDOOIE|HAACHT|117793|5218
ARDOOIE|HAALTERT|70901|3152
ARDOOIE|HALEN|156472|5835
ARDOOIE|HALLE|115967|4046
ARDOOIE|HAM|161656|6317
ARDOOIE|HAMME|82233|3721
ARDOOIE|HAMONT-ACHEL|192870|7942
ARDOOIE|HARELBEKE|19519|1403
ARDOOIE|HASSELT|177946|6587
ARDOOIE|HECHTEL-EKSEL|173897|7121
ARDOOIE|HEERS|176661|6457
ARDOOIE|HEIST-OP-DEN-BERG|138529|5985
ARDOOIE|HEMIKSEM|105105|4605
ARDOOIE|HERENT|123110|4776
ARDOOIE|HERENTALS|131732|5375
ARDOOIE|HERENTHOUT|131452|5394
ARDOOIE|HERK-DE-STAD|161108|6199
ARDOOIE|HERNE|102881|3769
ARDOOIE|HERSELT|147796|5914
ARDOOIE|HERSTAPPE|180099|6539
ARDOOIE|HERZELE|70579|3370
ARDOOIE|HEUSDEN-ZOLDER|174152|6581
ARDOOIE|HEUVELLAND|51022|2262
ARDOOIE|HOEGAARDEN|141889|5478
ARDOOIE|HOEILAART|116566|4707
ARDOOIE|HOESELT|192020|7013
ARDOOIE|HOLSBEEK|128692|4915
ARDOOIE|HOOGLEDE|9844|736
ARDOOIE|HOOGSTRATEN|139535|5541
ARDOOIE|HOREBEKE|44963|2896
ARDOOIE|HOUTHALEN-HELCHTEREN|176404|6432
ARDOOIE|HOUTHULST|21919|1534
ARDOOIE|HOVE|112250|4750
ARDOOIE|HULDENBERG|125272|5018
ARDOOIE|HULSHOUT|142778|6059
ARDOOIE|ICHTEGEM|25974|1532
ARDOOIE|IEPER|43624|1875
ARDOOIE|INGELMUNSTER|8582|602
ARDOOIE|IZEGEM|7698|687
ARDOOIE|JABBEKE|33446|1354
ARDOOIE|KALMTHOUT|131571|5574
ARDOOIE|KAMPENHOUT|109844|4563
ARDOOIE|KAPELLEN|117327|4949
ARDOOIE|KAPELLE-OP-DEN-BOS|106016|4390
ARDOOIE|KAPRIJKE|52799|2778
ARDOOIE|KASTERLEE|149147|5790
ARDOOIE|KEERBERGEN|121202|5539
ARDOOIE|KINROOI|213813|8307
ARDOOIE|KLUISBERGEN|36479|2515
ARDOOIE|KNESSELARE|29889|1745
ARDOOIE|KNOKKE-HEIST|51299|2721
ARDOOIE|KOEKELARE|29105|1680
ARDOOIE|KOKSIJDE|70232|2734
ARDOOIE|KONTICH|109090|4434
ARDOOIE|KORTEMARK|16107|1044
ARDOOIE|KORTENAKEN|155660|6000
ARDOOIE|KORTENBERG|110341|4499
ARDOOIE|KORTESSEM|186424|6786
ARDOOIE|KORTRIJK|24758|1105
ARDOOIE|KRAAINEM|106118|4257
ARDOOIE|KRUIBEKE|90514|3903
ARDOOIE|KRUISHOUTEM|33105|1938
ARDOOIE|KUURNE|17313|1256
ARDOOIE|LAAKDAL|149138|5803
ARDOOIE|LAARNE|55410|2679
ARDOOIE|LANAKEN|201647|7619
ARDOOIE|LANDEN|157331|5908
ARDOOIE|LANGEMARK-POELKAPELLE|24835|1614
ARDOOIE|LEBBEKE|82906|4045
ARDOOIE|LEDE|67558|3061
ARDOOIE|LEDEGEM|19162|1254
ARDOOIE|LENDELEDE|13874|887
ARDOOIE|LENNIK|88991|4164
ARDOOIE|LEOPOLDSBURG|166289|6736
ARDOOIE|LEUVEN|123891|5131
ARDOOIE|LICHTERVELDE|9023|615
ARDOOIE|LIEDEKERKE|78527|3369
ARDOOIE|LIER|124143|5450
ARDOOIE|LIERDE|56838|3647
ARDOOIE|LILLE|133455|5209
ARDOOIE|LINKEBEEK|100547|4444
ARDOOIE|LINT|113115|4863
ARDOOIE|LINTER|151548|5985
ARDOOIE|LOCHRISTI|58866|2857
ARDOOIE|LOKEREN|68697|3110
ARDOOIE|LOMMEL|170395|7384
ARDOOIE|LONDERZEEL|102782|4127
ARDOOIE|LO-RENINGE|57779|2594
ARDOOIE|LOVENDEGEM|37312|2344
ARDOOIE|LUBBEEK|137544|5578
ARDOOIE|LUMMEN|166217|6257
ARDOOIE|MAARKEDAL|41793|2751
ARDOOIE|MAASEIK|210739|7997
ARDOOIE|MAASMECHELEN|200941|7281
ARDOOIE|MACHELEN|103942|4267
ARDOOIE|MALDEGEM|37715|2175
ARDOOIE|MALLE|129560|5239
ARDOOIE|MECHELEN|115468|4797
ARDOOIE|MEERHOUT|151611|6049
ARDOOIE|MEEUWEN-GRUITRODE|197259|7407
ARDOOIE|MEISE|94446|3735
ARDOOIE|MELLE|50425|2346
ARDOOIE|MENEN|26368|1259
ARDOOIE|MERCHTEM|91756|4323
ARDOOIE|MERELBEKE|49474|2406
ARDOOIE|MERKSPLAS|144627|6000
ARDOOIE|MESEN|42989|1932
ARDOOIE|MEULEBEKE|8961|716
ARDOOIE|MIDDELKERKE|56616|2275
ARDOOIE|MOERBEKE|73538|3636
ARDOOIE|MOL|155053|6664
ARDOOIE|MOORSLEDE|17550|1224
ARDOOIE|MORTSEL|104835|4859
ARDOOIE|NAZARETH|31740|2058
ARDOOIE|NEERPELT|193308|7567
ARDOOIE|NEVELE|32363|1843
ARDOOIE|NIEL|109908|4724
ARDOOIE|NIEUWERKERKEN|171515|6795
ARDOOIE|NIEUWPOORT|61300|2295
ARDOOIE|NIJLEN|123615|5112
ARDOOIE|NINOVE|78560|3557
ARDOOIE|OLEN|134348|5312
ARDOOIE|OOSTENDE|44788|1671
ARDOOIE|OOSTERZELE|55450|2589
ARDOOIE|OOSTKAMP|29633|1329
ARDOOIE|OOSTROZEBEKE|14066|1005
ARDOOIE|OPGLABBEEK|192388|7152
ARDOOIE|OPWIJK|82182|4104
ARDOOIE|OUDENAARDE|36053|2372
ARDOOIE|OUDENBURG|40867|1642
ARDOOIE|OUD-HEVERLEE|119670|4871
ARDOOIE|OUD-TURNHOUT|146831|5819
ARDOOIE|OVERIJSE|119261|4793
ARDOOIE|OVERPELT|200611|7548
ARDOOIE|PEER|192191|7399
ARDOOIE|PEPINGEN|90971|4269
ARDOOIE|PITTEM|7187|501
ARDOOIE|POPERINGE|55902|2419
ARDOOIE|PUTTE|130814|5258
ARDOOIE|PUURS|92607|4116
ARDOOIE|RANST|113213|4889
ARDOOIE|RAVELS|152063|6146
ARDOOIE|RETIE|153027|5918
ARDOOIE|RIEMST|203865|7396
ARDOOIE|RIJKEVORSEL|135653|5686
ARDOOIE|ROESELARE|6118|567
ARDOOIE|RONSE|43702|2961
ARDOOIE|ROOSDAAL|82337|3747
ARDOOIE|ROTSELAAR|130183|5145
ARDOOIE|RUISELEDE|16897|1073
ARDOOIE|RUMST|113489|4538
ARDOOIE|SCHELLE|108434|4650
ARDOOIE|SCHERPENHEUVEL-ZICHEM|148110|5781
ARDOOIE|SCHILDE|115303|4947
ARDOOIE|SCHOTEN|110430|4790
ARDOOIE|SINT-AMANDS|86641|4488
ARDOOIE|SINT-GENESIUS-RODE|106495|4595
ARDOOIE|SINT-GILLIS-WAAS|89132|4043
ARDOOIE|SINT-KATELIJNE-WAVER|124454|4924
ARDOOIE|SINT-LAUREINS|45904|2663
ARDOOIE|SINT-LIEVENS-HOUTEM|59335|2828
ARDOOIE|SINT-MARTENS-LATEM|33576|2150
ARDOOIE|SINT-NIKLAAS|80220|3286
ARDOOIE|SINT-PIETERS-LEEUW|99281|4212
ARDOOIE|SINT-TRUIDEN|160556|6664
ARDOOIE|SPIERE-HELKIJN|39140|1843
ARDOOIE|STABROEK|117766|4770
ARDOOIE|STADEN|16566|1099
ARDOOIE|STEENOKKERZEEL|106877|4437
ARDOOIE|STEKENE|83312|4027
ARDOOIE|TEMSE|82739|3500
ARDOOIE|TERNAT|80561|3413
ARDOOIE|TERVUREN|112141|4425
ARDOOIE|TESSENDERLO|155060|6283
ARDOOIE|TIELT|9615|672
ARDOOIE|TIELT-WINGE|147051|5631
ARDOOIE|TIENEN|141872|5530
ARDOOIE|TONGEREN|184179|6991
ARDOOIE|TORHOUT|18508|1043
ARDOOIE|TREMELO|136021|5524
ARDOOIE|TURNHOUT|143096|5679
ARDOOIE|VEURNE|69467|2583
ARDOOIE|VILVOORDE|98885|4093
ARDOOIE|VLETEREN|56187|2451
ARDOOIE|VOEREN|206993|7672
ARDOOIE|VORSELAAR|132951|5550
ARDOOIE|VOSSELAAR|140256|5542
ARDOOIE|WAARSCHOOT|42265|2604
ARDOOIE|WAASMUNSTER|74350|3208
ARDOOIE|WACHTEBEKE|68442|3389
ARDOOIE|WAREGEM|21796|1532
ARDOOIE|WELLEN|186658|7152
ARDOOIE|WEMMEL|91883|3795
ARDOOIE|WERVIK|31051|1386
ARDOOIE|WESTERLO|142851|6001
ARDOOIE|WETTEREN|56961|2745
ARDOOIE|WEVELGEM|22377|1035
ARDOOIE|WEZEMBEEK-OPPEM|106733|4151
ARDOOIE|WICHELEN|64972|3431
ARDOOIE|WIELSBEKE|18120|1200
ARDOOIE|WIJNEGEM|109886|4614
ARDOOIE|WILLEBROEK|97193|4453
ARDOOIE|WINGENE|13935|960
ARDOOIE|WOMMELGEM|109938|4597
ARDOOIE|WORTEGEM-PETEGEM|31082|2021
ARDOOIE|WUUSTWEZEL|133561|5320
ARDOOIE|ZANDHOVEN|119746|4859
ARDOOIE|ZAVENTEM|103205|4153
ARDOOIE|ZEDELGEM|23509|1235
ARDOOIE|ZELE|70298|3209
ARDOOIE|ZELZATE|61995|3363
ARDOOIE|ZEMST|111927|4523
ARDOOIE|ZINGEM|38856|2607
ARDOOIE|ZOERSEL|126026|4981
ARDOOIE|ZOMERGEM|36504|2205
ARDOOIE|ZONHOVEN|175494|6556
ARDOOIE|ZONNEBEKE|23267|1577
ARDOOIE|ZOTTEGEM|65138|3240
ARDOOIE|ZOUTLEEUW|154336|6110
ARDOOIE|ZUIENKERKE|39269|1776
ARDOOIE|ZULTE|23258|1565
ARDOOIE|ZUTENDAAL|193661|7112
ARDOOIE|ZWALM|45921|3189
ARDOOIE|ZWEVEGEM|32392|1426
ARDOOIE|ZWIJNDRECHT|94430|3875
ARENDONK|0|0
ARENDONK|AS|75014|3871
ARENDONK|ASSE|111937|4453
ARENDONK|ASSENEDE|109796|4249
ARENDONK|AVELGEM|153825|5960
ARENDONK|BAARLE-HERTOG|20220|1587
ARENDONK|BALEN|24083|1915
ARENDONK|BEERNEM|147833|5457
ARENDONK|BEERSE|24746|1313
ARENDONK|BEERSEL|120136|4447
ARENDONK|BEGIJNENDIJK|45726|3600
ARENDONK|BEKKEVOORT|67220|3476
ARENDONK|BERINGEN|44367|2815
ARENDONK|BERLAAR|54579|2764
ARENDONK|BERLARE|102959|4307
ARENDONK|BERTEM|107430|4015
ARENDONK|BEVER|155142|5734
ARENDONK|BEVEREN|70883|3044
ARENDONK|BIERBEEK|117979|4449
ARENDONK|BILZEN|75029|3836
ARENDONK|BLANKENBERGE|173389|6618
ARENDONK|BOCHOLT|58383|3251
ARENDONK|BOECHOUT|56406|2561
ARENDONK|BONHEIDEN|81183|3416
ARENDONK|BOOM|69587|2958
ARENDONK|BOORTMEERBEEK|90409|3680
ARENDONK|BORGLOON|79111|4184
ARENDONK|BORNEM|85679|3475
ARENDONK|BORSBEEK|51460|2192
ARENDONK|BOUTERSEM|123379|4453
ARENDONK|BRAKEL|144807|5975
ARENDONK|BRASSCHAAT|64888|2712
ARENDONK|BRECHT|42695|2278
ARENDONK|BREDENE|173760|6338
ARENDONK|BREE|74921|3480
ARENDONK|BRUGGE|164443|6268
ARENDONK|BUGGENHOUT|86380|4039
ARENDONK|DAMME|143862|5764
ARENDONK|DE HAAN|174203|6623
ARENDONK|DE PANNE|204817|7372
ARENDONK|DE PINTE|121383|4568
ARENDONK|DEERLIJK|147168|5341
ARENDONK|DEINZE|132751|5054
ARENDONK|DENDERLEEUW|121773|4596
ARENDONK|DENDERMONDE|93228|4069
ARENDONK|DENTERGEM|141762|5390
ARENDONK|DESSEL|12379|1050
ARENDONK|DESTELBERGEN|109055|4078
ARENDONK|DIEPENBEEK|68428|3591
ARENDONK|DIEST|43070|3163
ARENDONK|DIKSMUIDE|192461|6899
ARENDONK|DILBEEK|109542|4153
ARENDONK|DILSEN-STOKKEM|83760|4169
ARENDONK|DROGENBOS|116783|4389
ARENDONK|DUFFEL|58822|2985
ARENDONK|EDEGEM|60137|2599
ARENDONK|EEKLO|121493|4833
ARENDONK|ERPE-MERE|130613|4941
ARENDONK|ESSEN|61600|3643
ARENDONK|EVERGEM|116246|4614
ARENDONK|GALMAARDEN|139021|5938
ARENDONK|GAVERE|126744|4852
ARENDONK|GEEL|21409|1693
ARENDONK|GEETBETS|67735|3777
ARENDONK|GENK|70783|3694
ARENDONK|GENT|115656|4578
ARENDONK|GERAARDSBERGEN|143793|5942
ARENDONK|GINGELOM|83714|4529
ARENDONK|GISTEL|176494|6297
ARENDONK|GLABBEEK|76158|4001
ARENDONK|GOOIK|124286|4993
ARENDONK|GRIMBERGEN|89944|3823
ARENDONK|GROBBENDONK|36929|1993
ARENDONK|HAACHT|92857|4088
ARENDONK|HAALTERT|126602|4735
ARENDONK|HALEN|60890|3327
ARENDONK|HALLE|129320|4891
ARENDONK|HAM|31395|2488
ARENDONK|HAMME|84572|3553
ARENDONK|HAMONT-ACHEL|43852|2596
ARENDONK|HARELBEKE|151342|5624
ARENDONK|HASSELT|60929|3402
ARENDONK|HECHTEL-EKSEL|56034|2577
ARENDONK|HEERS|86300|4703
ARENDONK|HEIST-OP-DEN-BERG|52056|3165
ARENDONK|HEMIKSEM|64829|2825
ARENDONK|HERENT|99735|4268
ARENDONK|HERENTALS|35835|2025
ARENDONK|HERENTHOUT|44513|2587
ARENDONK|HERK-DE-STAD|57466|3567
ARENDONK|HERNE|149050|5684
ARENDONK|HERSELT|37400|2892
ARENDONK|HERSTAPPE|86129|4770
ARENDONK|HERZELE|138165|5315
ARENDONK|HEUSDEN-ZOLDER|50901|3371
ARENDONK|HEUVELLAND|192607|7138
ARENDONK|HOEGAARDEN|133653|4911
ARENDONK|HOEILAART|108330|4141
ARENDONK|HOESELT|75002|3828
ARENDONK|HOLSBEEK|85994|4063
ARENDONK|HOOGLEDE|180647|6667
ARENDONK|HOOGSTRATEN|35462|2153
ARENDONK|HOREBEKE|143884|5769
ARENDONK|HOUTHALEN-HELCHTEREN|65611|3060
ARENDONK|HOUTHULST|192806|7308
ARENDONK|HOVE|57705|2848
ARENDONK|HULDENBERG|117035|4451
ARENDONK|HULSHOUT|49791|3087
ARENDONK|ICHTEGEM|174635|6581
ARENDONK|IEPER|185209|6751
ARENDONK|INGELMUNSTER|155244|5949
ARENDONK|IZEGEM|161161|6232
ARENDONK|JABBEKE|162834|5754
ARENDONK|KALMTHOUT|57975|3382
ARENDONK|KAMPENHOUT|90725|3738
ARENDONK|KAPELLEN|67225|2930
ARENDONK|KAPELLE-OP-DEN-BOS|80997|3475
ARENDONK|KAPRIJKE|116869|4506
ARENDONK|KASTERLEE|15640|1159
ARENDONK|KEERBERGEN|90279|3907
ARENDONK|KINROOI|82411|3282
ARENDONK|KLUISBERGEN|147277|5948
ARENDONK|KNESSELARE|137991|5432
ARENDONK|KNOKKE-HEIST|148282|6123
ARENDONK|KOEKELARE|183884|6682
ARENDONK|KOKSIJDE|199620|7134
ARENDONK|KONTICH|66089|2673
ARENDONK|KORTEMARK|173650|6491
ARENDONK|KORTENAKEN|74228|3920
ARENDONK|KORTENBERG|97927|3877
ARENDONK|KORTESSEM|69406|3601
ARENDONK|KORTRIJK|155487|5530
ARENDONK|KRAAINEM|97881|3690
ARENDONK|KRUIBEKE|68558|2846
ARENDONK|KRUISHOUTEM|135757|4905
ARENDONK|KUURNE|154326|5862
ARENDONK|LAAKDAL|30294|2283
ARENDONK|LAARNE|105626|4097
ARENDONK|LANAKEN|116682|4454
ARENDONK|LANDEN|87125|4897
ARENDONK|LANGEMARK-POELKAPELLE|187144|6732
ARENDONK|LEBBEKE|95955|4161
ARENDONK|LEDE|110391|4852
ARENDONK|LEDEGEM|170403|6322
ARENDONK|LENDELEDE|157043|5949
ARENDONK|LENNIK|121578|4808
ARENDONK|LEOPOLDSBURG|33364|2551
ARENDONK|LEUVEN|92845|4641
ARENDONK|LICHTERVELDE|172873|6163
ARENDONK|LIEDEKERKE|121386|4551
ARENDONK|LIER|56714|2904
ARENDONK|LIERDE|140591|5650
ARENDONK|LILLE|27266|1246
ARENDONK|LINKEBEEK|116258|4843
ARENDONK|LINT|58304|2980
ARENDONK|LINTER|76902|4401
ARENDONK|LOCHRISTI|107676|4181
ARENDONK|LOKEREN|92670|3674
ARENDONK|LOMMEL|28806|2248
ARENDONK|LONDERZEEL|81396|3468
ARENDONK|LO-RENINGE|199363|7470
ARENDONK|LOVENDEGEM|125373|5056
ARENDONK|LUBBEEK|80715|4384
ARENDONK|LUMMEN|50514|2990
ARENDONK|MAARKEDAL|140713|5624
ARENDONK|MAASEIK|84077|3438
ARENDONK|MAASMECHELEN|84047|4133
ARENDONK|MACHELEN|93198|3607
ARENDONK|MALDEGEM|131530|5179
ARENDONK|MALLE|35615|1822
ARENDONK|MECHELEN|76414|3087
ARENDONK|MEERHOUT|25834|1895
ARENDONK|MEEUWEN-GRUITRODE|69724|3421
ARENDONK|MEISE|88088|3661
ARENDONK|MELLE|111051|4043
ARENDONK|MENEN|167953|6135
ARENDONK|MERCHTEM|93460|4060
ARENDONK|MERELBEKE|115323|4338
ARENDONK|MERKSPLAS|26081|1535
ARENDONK|MESEN|184573|6808
ARENDONK|MEULEBEKE|152895|6149
ARENDONK|MIDDELKERKE|186004|6675
ARENDONK|MOERBEKE|96395|3696
ARENDONK|MOL|16562|1484
ARENDONK|MOORSLEDE|175802|6529
ARENDONK|MORTSEL|56751|2624
ARENDONK|NAZARETH|125581|4855
ARENDONK|NEERPELT|44290|2221
ARENDONK|NEVELE|131621|4886
ARENDONK|NIEL|69653|3064
ARENDONK|NIEUWERKERKEN|69498|4130
ARENDONK|NIEUWPOORT|190688|6695
ARENDONK|NIJLEN|48150|2269
ARENDONK|NINOVE|134261|5140
ARENDONK|OLEN|33537|2377
ARENDONK|OOSTENDE|174176|6071
ARENDONK|OOSTERZELE|121554|4556
ARENDONK|OOSTKAMP|152367|5553
ARENDONK|OOSTROZEBEKE|150437|5780
ARENDONK|OPGLABBEEK|75495|4005
ARENDONK|OPWIJK|97613|4479
ARENDONK|OUDENAARDE|135301|5303
ARENDONK|OUDENBURG|170255|6042
ARENDONK|OUD-HEVERLEE|111433|4305
ARENDONK|OUD-TURNHOUT|8547|677
ARENDONK|OVERIJSE|111024|4226
ARENDONK|OVERPELT|46317|2326
ARENDONK|PEER|59416|2858
ARENDONK|PEPINGEN|124024|4983
ARENDONK|PITTEM|151511|6218
ARENDONK|POPERINGE|197487|7295
ARENDONK|PUTTE|65297|3456
ARENDONK|PUURS|78172|3352
ARENDONK|RANST|47208|2258
ARENDONK|RAVELS|12140|862
ARENDONK|RETIE|6832|582
ARENDONK|RIEMST|86847|4211
ARENDONK|RIJKEVORSEL|32507|1880
ARENDONK|ROESELARE|179442|6498
ARENDONK|RONSE|146933|5878
ARENDONK|ROOSDAAL|125196|4928
ARENDONK|ROTSELAAR|55985|4337
ARENDONK|RUISELEDE|142240|5691
ARENDONK|RUMST|70488|2777
ARENDONK|SCHELLE|68180|2991
ARENDONK|SCHERPENHEUVEL-ZICHEM|46282|3512
ARENDONK|SCHILDE|45656|2072
ARENDONK|SCHOTEN|55039|2494
ARENDONK|SINT-AMANDS|84196|3895
ARENDONK|SINT-GENESIUS-RODE|116224|4787
ARENDONK|SINT-GILLIS-WAAS|83908|3461
ARENDONK|SINT-KATELIJNE-WAVER|79894|3200
ARENDONK|SINT-LAUREINS|126707|5024
ARENDONK|SINT-LIEVENS-HOUTEM|125439|4795
ARENDONK|SINT-MARTENS-LATEM|120365|4570
ARENDONK|SINT-NIKLAAS|79930|3058
ARENDONK|SINT-PIETERS-LEEUW|119174|4650
ARENDONK|SINT-TRUIDEN|75510|4160
ARENDONK|SPIERE-HELKIJN|165390|6356
ARENDONK|STABROEK|71290|2850
ARENDONK|STADEN|189148|7052
ARENDONK|STEENOKKERZEEL|94393|3670
ARENDONK|STEKENE|88858|3680
ARENDONK|TEMSE|80473|3180
ARENDONK|TERNAT|115487|4328
ARENDONK|TERVUREN|103904|3858
ARENDONK|TESSENDERLO|34139|2532
ARENDONK|TIELT|146726|5928
ARENDONK|TIELT-WINGE|72139|3798
ARENDONK|TIENEN|81688|4350
ARENDONK|TONGEREN|86157|4173
ARENDONK|TORHOUT|167169|6092
ARENDONK|TREMELO|53718|4094
ARENDONK|TURNHOUT|20012|1197
ARENDONK|VEURNE|198855|6983
ARENDONK|VILVOORDE|93212|3614
ARENDONK|VLETEREN|197772|7326
ARENDONK|VOEREN|104804|5367
ARENDONK|VORSELAAR|34273|1804
ARENDONK|VOSSELAAR|21649|1234
ARENDONK|WAARSCHOOT|120857|5041
ARENDONK|WAASMUNSTER|85901|3322
ARENDONK|WACHTEBEKE|100679|3983
ARENDONK|WAREGEM|142497|5355
ARENDONK|WELLEN|69072|3900
ARENDONK|WEMMEL|95030|3982
ARENDONK|WERVIK|172636|6262
ARENDONK|WESTERLO|32040|2483
ARENDONK|WETTEREN|108889|4383
ARENDONK|WEVELGEM|162467|5844
ARENDONK|WEZEMBEEK-OPPEM|98496|3584
ARENDONK|WICHELEN|106706|4610
ARENDONK|WIELSBEKE|146974|5479
ARENDONK|WIJNEGEM|52779|2336
ARENDONK|WILLEBROEK|74566|3248
ARENDONK|WINGENE|152304|5671
ARENDONK|WOMMELGEM|52393|2224
ARENDONK|WORTEGEM-PETEGEM|143125|5419
ARENDONK|WUUSTWEZEL|48629|2702
ARENDONK|ZANDHOVEN|37049|1666
ARENDONK|ZAVENTEM|94968|3586
ARENDONK|ZEDELGEM|159751|5817
ARENDONK|ZELE|92507|3665
ARENDONK|ZELZATE|104954|4106
ARENDONK|ZEMST|83354|3353
ARENDONK|ZINGEM|129215|5023
ARENDONK|ZOERSEL|36362|1586
ARENDONK|ZOMERGEM|138016|5321
ARENDONK|ZONHOVEN|58600|3409
ARENDONK|ZONNEBEKE|181330|6447
ARENDONK|ZOTTEGEM|131241|5207
ARENDONK|ZOUTLEEUW|76278|4435
ARENDONK|ZUIENKERKE|169125|6231
ARENDONK|ZULTE|139001|5207
ARENDONK|ZUTENDAAL|76768|3964
ARENDONK|ZWALM|130540|5425
ARENDONK|ZWEVEGEM|153466|5517
ARENDONK|ZWIJNDRECHT|64635|2720
AS|0|0
ASSE|114498|4402
ASSENEDE|148043|5569
AS|AVELGEM|191387|7021
AS|BAARLE-HERTOG|93679|4525
AS|BALEN|47876|2746
AS|BEERNEM|185296|6481
AS|BEERSE|86961|3881
AS|BEERSEL|122697|4396
AS|BEGIJNENDIJK|67736|2737
AS|BEKKEVOORT|48309|1839
AS|BERINGEN|30890|1567
AS|BERLAAR|78210|3314
AS|BERLARE|141205|5627
AS|BERTEM|81398|3032
AS|BEVER|157703|5683
AS|BEVEREN|109129|4364
AS|BIERBEEK|86775|3276
AS|BILZEN|18024|1320
AS|BLANKENBERGE|210852|7642
AS|BOCHOLT|19438|1269
AS|BOECHOUT|89215|3886
AS|BONHEIDEN|82925|3957
AS|BOOM|107834|4278
AS|BOORTMEERBEEK|85200|3625
AS|BORGLOON|32029|2115
AS|BORNEM|123925|4795
AS|BORSBEEK|89707|3512
AS|BOUTERSEM|65082|3021
AS|BRAKEL|154256|6183
ASSCHAAT|103134|4032
AS|BRECHT|118194|4388
AS|BREDENE|211223|7362
AS|BREE|16025|1184
AS|BRUGGE|201906|7291
AS|BUGGENHOUT|122444|4817
AS|DAMME|182108|7084
AS|DE HAAN|211666|7646
AS|DE PANNE|242280|8395
AS|DE PINTE|158945|5629
AS|DEERLIJK|184730|6402
AS|DEINZE|168574|6105
AS|DENDERLEEUW|124334|4545
AS|DENDERMONDE|131474|5389
AS|DENTERGEM|179324|6451
AS|DESSEL|63532|3436
AS|DESTELBERGEN|147302|5398
AS|DIEPENBEEK|18345|1396
AS|DIEST|44795|1978
AS|DIKSMUIDE|229924|7922
AS|DILBEEK|112103|4102
AS|DILSEN-STOKKEM|9772|521
AS|DROGENBOS|119343|4337
AS|DUFFEL|93286|4024
AS|EDEGEM|98384|3919
AS|EEKLO|159740|6153
AS|ERPE-MERE|135602|4915
AS|ESSEN|127583|5334
AS|EVERGEM|154493|5934
AS|GALMAARDEN|141582|5886
AS|GAVERE|164306|5913
AS|GEEL|60861|2662
AS|GEETBETS|48825|2140
AS|GENK|8282|583
AS|GENT|157489|5790
AS|GERAARDSBERGEN|151492|6012
AS|GINGELOM|51435|2953
AS|GISTEL|213957|7320
AS|GLABBEEK|57247|2364
AS|GOOIK|126846|4942
AS|GRIMBERGEN|102337|3776
AS|GROBBENDONK|71693|2819
AS|HAACHT|75765|3218
AS|HAALTERT|129162|4684
AS|HALEN|41979|1690
AS|HALLE|131880|4839
AS|HAM|38028|2071
AS|HAMME|122818|4873
AS|HAMONT-ACHEL|31893|2171
AS|HARELBEKE|188904|6686
ASSELT|24200|1769
AS|HECHTEL-EKSEL|31270|1711
AS|HEERS|39218|2634
AS|HEIST-OP-DEN-BERG|75786|3338
AS|HEMIKSEM|103075|4145
AS|HERENT|73406|2716
AS|HERENTALS|66426|2856
AS|HERENTHOUT|70439|2768
AS|HERK-DE-STAD|38555|1929
AS|HERNE|151610|5632
AS|HERSELT|71902|3000
AS|HERSTAPPE|37918|2676
AS|HERZELE|140725|5263
AS|HEUSDEN-ZOLDER|28978|1507
AS|HEUVELLAND|230169|8199
AS|HOEGAARDEN|71426|3455
AS|HOEILAART|101668|3761
AS|HOESELT|21953|1599
AS|HOLSBEEK|67083|2426
AS|HOOGLEDE|218110|7690
AS|HOOGSTRATEN|95875|4694
AS|HOREBEKE|156815|6285
AS|HOUTHALEN-HELCHTEREN|20668|1047
AS|HOUTHULST|230269|8331
AS|HOVE|92351|4132
AS|HULDENBERG|87611|3494
AS|HULSHOUT|72500|3272
AS|ICHTEGEM|212098|7604
AS|IEPER|222771|7812
AS|INGELMUNSTER|192807|7010
AS|IZEGEM|198723|7294
AS|JABBEKE|200297|6778
AS|KALMTHOUT|119715|4874
AS|KAMPENHOUT|85010|3577
AS|KAPELLEN|105472|4250
AS|KAPELLE-OP-DEN-BOS|117047|4384
AS|KAPRIJKE|155116|5826
ASTERLEE|69806|3010
AS|KEERBERGEN|76757|3528
AS|KINROOI|20777|1327
AS|KLUISBERGEN|184839|7009
AS|KNESSELARE|189494|6674
AS|KNOKKE-HEIST|186528|7443
AS|KOEKELARE|221347|7705
AS|KOKSIJDE|237083|8158
AS|KONTICH|104336|3993
AS|KORTEMARK|211113|7514
AS|KORTENAKEN|55317|2283
AS|KORTENBERG|82308|3212
AS|KORTESSEM|22324|1532
AS|KORTRIJK|193049|6592
AS|KRAAINEM|91093|3279
AS|KRUIBEKE|106805|4166
AS|KRUISHOUTEM|173319|5967
AS|KUURNE|191888|6923
AS|LAAKDAL|51226|2004
AS|LAARNE|143873|5417
AS|LANAKEN|18002|1192
AS|LANDEN|54847|3322
AS|LANGEMARK-POELKAPELLE|224706|7793
AS|LEBBEKE|125195|5296
AS|LEDE|133787|4995
AS|LEDEGEM|207965|7384
AS|LENDELEDE|194605|7011
AS|LENNIK|124138|4757
AS|LEOPOLDSBURG|40021|2333
AS|LEUVEN|73935|3004
AS|LICHTERVELDE|210336|7186
AS|LIEDEKERKE|123946|4499
AS|LIER|84933|3924
AS|LIERDE|150041|5857
AS|LILLE|73643|3309
AS|LINKEBEEK|109597|4463
AS|LINT|92769|4019
AS|LINTER|57991|2764
AS|LOCHRISTI|145923|5501
AS|LOKEREN|130916|4994
AS|LOMMEL|49890|2565
AS|LONDERZEEL|113813|4120
AS|LO-RENINGE|236925|8531
AS|LOVENDEGEM|168728|6077
AS|LUBBEEK|61804|2746
AS|LUMMEN|31603|1353
AS|MAARKEDAL|178276|6685
ASEIK|19858|1201
ASMECHELEN|11471|823
AS|MACHELEN|96466|3650
AS|MALDEGEM|169776|6499
AS|MALLE|91018|3868
AS|MECHELEN|110818|4238
AS|MEERHOUT|50231|2276
AS|MEEUWEN-GRUITRODE|12368|808
AS|MEISE|105477|3729
AS|MELLE|151720|5289
AS|MENEN|205515|7196
AS|MERCHTEM|113812|4313
AS|MERELBEKE|150772|5351
AS|86494|4076
AS|MESEN|222136|7869
AS|MEULEBEKE|190457|7210
AS|MIDDELKERKE|223468|7699
AS|MOERBEKE|134642|5016
AS|MOL|58071|2987
AS|MOORSLEDE|213364|7590
AS|MORTSEL|94997|3944
AS|NAZARETH|163143|5916
AS|NEERPELT|46403|2175
AS|NEVELE|169084|5909
AS|NIEL|107900|4384
AS|NIEUWERKERKEN|48363|2511
AS|NIEUWPOORT|228151|7718
AS|NIJLEN|75155|3059
AS|NINOVE|136821|5089
AS|OLEN|61667|2347
AS|OOSTENDE|211639|7094
AS|OOSTERZELE|145898|5143
AS|OOSTKAMP|189830|6576
AS|OOSTROZEBEKE|187999|6841
AS|OPGLABBEEK|4051|265
AS|OPWIJK|117965|4731
AS|OUDENAARDE|172863|6365
AS|OUDENBURG|207718|7066
AS|OUD-HEVERLEE|82341|3207
AS|OUD-TURNHOUT|80346|3682
AS|OVERIJSE|92330|3868
AS|OVERPELT|31665|2080
AS|PEER|21159|1498
AS|PEPINGEN|126584|4931
AS|PITTEM|189073|7279
AS|POPERINGE|235049|8356
AS|PUTTE|80958|3695
AS|PUURS|124613|4574
AS|RANST|83712|3486
AS|RAVELS|85578|4008
AS|RETIE|69884|3478
AS|RIEMST|27084|1894
AS|RIJKEVORSEL|97111|4314
AS|ROESELARE|217369|7584
AS|RONSE|184495|6940
AS|ROOSDAAL|127756|4877
AS|ROTSELAAR|68774|2691
AS|RUISELEDE|179704|6715
AS|RUMST|108735|4097
AS|SCHELLE|106427|4311
AS|SCHERPENHEUVEL-ZICHEM|53180|2298
AS|SCHILDE|86740|3650
AS|SCHOTEN|93286|3814
AS|SINT-AMANDS|127571|4966
AS|SINT-GENESIUS-RODE|109562|4407
AS|122154|4781
AS|SINT-KATELIJNE-WAVER|92800|4403
AS|SINT-LAUREINS|164953|6344
AS|SINT-LIEVENS-HOUTEM|141906|5313
AS|SINT-MARTENS-LATEM|157829|5594
AS|118176|4378
AS|SINT-PIETERS-LEEUW|121734|4599
AS|SINT-TRUIDEN|43231|2585
AS|SPIERE-HELKIJN|202952|7417
AS|STABROEK|109536|4170
AS|STADEN|226612|8076
AS|STEENOKKERZEEL|90924|3408
AS|STEKENE|127105|5000
AS|TEMSE|118720|4500
AS|TERNAT|118047|4277
AS|TERVUREN|87767|3389
AS|TESSENDERLO|46154|2047
AS|TIELT|184288|6989
AS|TIELT-WINGE|53229|2160
AS|TIENEN|62777|2712
AS|TONGEREN|34007|2059
AS|TORHOUT|204633|7115
AS|TREMELO|70987|2997
AS|TURNHOUT|79396|3679
AS|VEURNE|236318|8006
AS|VILVOORDE|99307|3715
AS|VLETEREN|235334|8388
AS|VOEREN|52393|2822
AS|VORSELAAR|75051|3173
AS|VOSSELAAR|82062|3775
AS|WAARSCHOOT|159104|6361
AS|WACHTEBEKE|138925|5303
AS|WAREGEM|180059|6416
AS|WELLEN|28419|1940
AS|WEMMEL|105824|3908
AS|WERVIK|210198|7323
AS|WESTERLO|60723|2599
AS|WETTEREN|147870|5360
AS|WEVELGEM|200029|6905
AS|WEZEMBEEK-OPPEM|91834|3204
AS|WICHELEN|138491|5418
AS|WIELSBEKE|184536|6540
AS|WIJNEGEM|91026|3656
AS|WILLEBROEK|119204|4479
AS|WINGENE|189768|6695
AS|WOMMELGEM|90640|3544
AS|WORTEGEM-PETEGEM|180687|6480
AS|WUUSTWEZEL|121705|4621
AS|ZANDHOVEN|80713|3173
AS|ZAVENTEM|93129|3463
AS|ZEDELGEM|197215|6841
AS|ZELE|130753|4985
AS|ZELZATE|143200|5426
AS|ZEMST|107277|3964
AS|ZINGEM|166777|6085
AS|ZOERSEL|87484|3609
AS|ZOMERGEM|175479|6344
AS|ZONHOVEN|21819|1066
AS|ZONNEBEKE|218892|7508
AS|ZOTTEGEM|146340|5675
AS|ZOUTLEEUW|57367|2797
AS|ZUIENKERKE|206588|7254
AS|ZULTE|176563|6269
AS|ZUTENDAAL|10016|685
AS|ZWALM|151665|6005
AS|ZWEVEGEM|191028|6578
AS|ZWIJNDRECHT|102881|4040
ASSE|0|0
ASSENEDE|72586|3298
ASSE|AVELGEM|80557|3523
ASSE|BAARLE-HERTOG|106379|4972
ASSE|BALEN|105436|4701
ASSE|BEERNEM|74467|2983
ASSE|BEERSE|85459|3794
ASSE|BEERSEL|23093|1340
ASSE|BEGIJNENDIJK|64055|2878
ASSE|BEKKEVOORT|68913|2760
ASSE|BERINGEN|88516|3489
ASSE|BERLAAR|55875|3004
ASSE|BERLARE|29432|2080
ASSE|BERTEM|36091|1809
ASSE|BEVER|33535|2604
ASSE|BEVEREN|57065|2997
ASSE|BIERBEEK|46640|2243
ASSE|BILZEN|112471|4248
ASSE|BLANKENBERGE|100023|4143
ASSE|BOCHOLT|127412|5170
ASSE|BOECHOUT|56946|2970
ASSE|BONHEIDEN|38582|2240
ASSE|BOOM|34026|1747
ASSE|BOORTMEERBEEK|37643|2116
ASSE|BORGLOON|103209|4217
ASSE|BORNEM|37675|2021
ASSE|BORSBEEK|58822|2837
ASSE|BOUTERSEM|52041|2246
ASSE|BRAKEL|43427|2684
ASSCHAAT|61206|3042
ASSE|BRECHT|76265|3398
ASSE|BREDENE|100394|3863
ASSE|BREE|124671|5124
ASSE|BRUGGE|91077|3793
ASSE|BUGGENHOUT|16080|1497
ASSE|DAMME|91415|4121
ASSE|DE HAAN|100836|4148
ASSE|DE PANNE|131451|4897
ASSE|DE PINTE|48116|2131
ASSE|DEERLIJK|73901|2903
ASSE|DEINZE|57744|2607
ASSE|DENDERLEEUW|13504|1046
ASSE|DENDERMONDE|15625|1431
ASSE|DENTERGEM|68494|2953
ASSE|DESSEL|104521|4645
ASSE|DESTELBERGEN|48596|2101
ASSE|DIEPENBEEK|105870|4003
ASSE|DIEST|73051|3084
ASSE|DIKSMUIDE|119095|4424
ASSE|DILBEEK|9575|989
ASSE|DILSEN-STOKKEM|121078|4543
ASSE|DROGENBOS|19740|1282
ASSE|DUFFEL|45451|2257
ASSE|EDEGEM|51147|2282
ASSE|EEKLO|66727|3125
ASSE|ERPE-MERE|24773|1417
ASSE|ESSEN|85654|4343
ASSE|EVERGEM|57014|2520
ASSE|GALMAARDEN|30161|2312
ASSE|GAVERE|53477|2414
ASSE|GEEL|91181|4271
ASSE|GEETBETS|83743|3512
ASSE|GENK|108102|4068
ASSE|GENT|46660|2292
ASSE|GERAARDSBERGEN|40663|2513
ASSE|GINGELOM|78707|3088
ASSE|GISTEL|103128|3822
ASSE|GLABBEEK|62552|3043
ASSE|GOOIK|15425|1368
ASSE|GRIMBERGEN|16474|1157
ASSE|GROBBENDONK|75808|3506
ASSE|HAACHT|38218|2445
ASSE|HAALTERT|18333|1186
ASSE|HALEN|76897|3062
ASSE|HALLE|32276|1784
ASSE|HAM|95654|3993
ASSE|HAMME|23744|1917
ASSE|HAMONT-ACHEL|132465|5601
ASSE|HARELBEKE|78074|3187
ASSELT|98371|3814
ASSE|HECHTEL-EKSEL|107431|4323
ASSE|HEERS|97086|3684
ASSE|HEIST-OP-DEN-BERG|58954|3212
ASSE|HEMIKSEM|42011|2351
ASSE|HERENT|43535|2003
ASSE|HERENTALS|77947|3685
ASSE|HERENTHOUT|63630|3530
ASSE|HERK-DE-STAD|81533|3426
ASSE|HERNE|28217|2105
ASSE|HERSELT|68221|3141
ASSE|HERSTAPPE|100524|3766
ASSE|HERZELE|29896|1765
ASSE|HEUSDEN-ZOLDER|94577|3808
ASSE|HEUVELLAND|119340|4700
ASSE|HOEGAARDEN|62314|2705
ASSE|HOEILAART|36991|1934
ASSE|HOESELT|112445|4240
ASSE|HOLSBEEK|49117|2142
ASSE|HOOGLEDE|107280|4192
ASSE|HOOGSTRATEN|85751|3851
ASSE|HOREBEKE|45986|2787
ASSE|HOUTHALEN-HELCHTEREN|96829|3659
ASSE|HOUTHULST|119440|4833
ASSE|HOVE|52442|2528
ASSE|HULDENBERG|45697|2245
ASSE|HULSHOUT|71681|3510
ASSE|ICHTEGEM|101269|4106
ASSE|IEPER|111942|4313
ASSE|INGELMUNSTER|81977|3512
ASSE|IZEGEM|87893|3795
ASSE|JABBEKE|89468|3280
ASSE|KALMTHOUT|77787|3883
ASSE|KAMPENHOUT|30269|1790
ASSE|KAPELLEN|63543|3259
ASSE|KAPELLE-OP-DEN-BOS|26441|1617
ASSE|KAPRIJKE|72106|3530
ASTERLEE|95363|4100
ASSE|KEERBERGEN|41627|2766
ASSE|KINROOI|134238|5534
ASSE|KLUISBERGEN|74009|3511
ASSE|KNESSELARE|78665|3175
ASSE|KNOKKE-HEIST|107790|4701
ASSE|KOEKELARE|110518|4207
ASSE|KOKSIJDE|126254|4659
ASSE|KONTICH|49282|2211
ASSE|KORTEMARK|100284|4016
ASSE|KORTENAKEN|76085|3227
ASSE|KORTENBERG|30766|1726
ASSE|KORTESSEM|106849|4013
ASSE|KORTRIJK|82220|3093
ASSE|KRAAINEM|26543|1484
ASSE|KRUIBEKE|54741|2799
ASSE|KRUISHOUTEM|62490|2468
ASSE|KUURNE|81059|3425
ASSE|LAAKDAL|86166|3921
ASSE|LAARNE|45876|2124
ASSE|LANAKEN|122072|4846
ASSE|LANDEN|77756|3135
ASSE|LANGEMARK-POELKAPELLE|113877|4295
ASSE|LEBBEKE|12112|1115
ASSE|LEDE|22958|1497
ASSE|LEDEGEM|97136|3885
ASSE|LENDELEDE|83776|3512
ASSE|LENNIK|15056|1453
ASSE|LEOPOLDSBURG|98124|4312
ASSE|LEUVEN|44316|2358
ASSE|LICHTERVELDE|99507|3688
ASSE|LIEDEKERKE|13117|1001
ASSE|LIER|51846|2732
ASSE|LIERDE|39211|2359
ASSE|LILLE|79670|3519
ASSE|LINKEBEEK|23396|1775
ASSE|LINT|50319|2623
ASSE|LINTER|71973|3212
ASSE|LOCHRISTI|52864|2390
ASSE|LOKEREN|28475|2531
ASSE|LOMMEL|126051|5177
ASSE|LONDERZEEL|23207|1354
ASSE|LO-RENINGE|126096|5032
ASSE|LOVENDEGEM|57899|2579
ASSE|LUBBEEK|57969|2805
ASSE|LUMMEN|86642|3484
ASSE|MAARKEDAL|67446|3186
ASEIK|131164|5224
ASMECHELEN|121366|4508
ASSE|MACHELEN|24367|1494
ASSE|MALDEGEM|79941|3764
ASSE|MALLE|75776|3549
ASSE|MECHELEN|35893|2024
ASSE|MEERHOUT|105172|4224
ASSE|MEEUWEN-GRUITRODE|117684|4634
ASSE|MEISE|14871|962
ASSE|MELLE|40890|1791
ASSE|MENEN|94686|3697
ASSE|MERCHTEM|9867|875
ASSE|MERELBEKE|39943|1853
AS|90842|4310
ASSE|MESEN|111306|4371
ASSE|MEULEBEKE|79628|3712
ASSE|MIDDELKERKE|112638|4200
ASSE|MOERBEKE|40199|3313
ASSE|MOL|101269|4974
ASSE|MOORSLEDE|102535|4091
ASSE|MORTSEL|54123|2702
ASSE|NAZARETH|52314|2418
ASSE|NEERPELT|122564|4787
ASSE|NEVELE|58255|2411
ASSE|NIEL|38007|2060
ASSE|NIEUWERKERKEN|91940|4022
ASSE|NIEUWPOORT|117322|4220
ASSE|NIJLEN|59833|3378
ASSE|NINOVE|25992|1591
ASSE|OLEN|80564|3622
ASSE|OOSTENDE|100810|3596
ASSE|OOSTERZELE|35069|1644
ASSE|OOSTKAMP|79001|3078
ASSE|OOSTROZEBEKE|77169|3343
ASSE|OPGLABBEEK|112813|4379
ASSE|OPWIJK|9823|944
ASSE|OUDENAARDE|62034|2866
ASSE|OUDENBURG|96888|3567
ASSE|OUD-HEVERLEE|40095|2098
ASSE|OUD-TURNHOUT|93046|4129
ASSE|OVERIJSE|39686|2020
ASSE|OVERPELT|121036|4775
ASSE|PEER|112616|4626
ASSE|PEPINGEN|20577|1702
ASSE|PITTEM|78243|3781
ASSE|POPERINGE|124220|4858
ASSE|PUTTE|51239|2485
ASSE|PUURS|34007|1807
ASSE|RANST|59429|3199
ASSE|RAVELS|98278|4455
ASSE|RETIE|99243|4227
ASSE|RIEMST|124290|4623
ASSE|RIJKEVORSEL|81869|3996
ASSE|ROESELARE|106539|4086
ASSE|RONSE|73666|3441
ASSE|ROOSDAAL|15483|1377
ASSE|ROTSELAAR|50608|2372
ASSE|RUISELEDE|68874|3216
ASSE|RUMST|43482|1957
ASSE|SCHELLE|39846|2043
ASSE|SCHERPENHEUVEL-ZICHEM|68535|3008
ASSE|SCHILDE|61518|3257
ASSE|SCHOTEN|56646|3100
ASSE|SINT-AMANDS|21714|2022
ASSE|SINT-GENESIUS-RODE|29344|1926
AS|41624|3116
ASSE|SINT-KATELIJNE-WAVER|44879|2151
ASSE|SINT-LAUREINS|75168|3903
ASSE|SINT-LIEVENS-HOUTEM|31077|1815
ASSE|SINT-MARTENS-LATEM|46999|2096
AS|32719|2400
ASSE|SINT-PIETERS-LEEUW|22130|1543
ASSE|SINT-TRUIDEN|80981|3891
ASSE|SPIERE-HELKIJN|92123|3919
ASSE|STABROEK|67608|3179
ASSE|STADEN|115782|4577
ASSE|STEENOKKERZEEL|27302|1664
ASSE|STEKENE|42972|3278
ASSE|TEMSE|42777|2296
ASSE|TERNAT|6626|703
ASSE|TERVUREN|32566|1652
ASSE|TESSENDERLO|82828|3805
ASSE|TIELT|73458|3491
ASSE|TIELT-WINGE|67476|2858
ASSE|TIENEN|62297|2757
ASSE|TONGEREN|104604|4218
ASSE|TORHOUT|93803|3617
ASSE|TREMELO|56446|2751
ASSE|TURNHOUT|89311|3989
ASSE|VEURNE|125489|4508
ASSE|VILVOORDE|19310|1320
ASSE|VLETEREN|124505|4889
ASSE|VOEREN|127418|4899
ASSE|VORSELAAR|79166|3860
ASSE|VOSSELAAR|86471|3851
ASSE|WAARSCHOOT|62040|2863
ASSE|WACHTEBEKE|62806|2961
ASSE|WAREGEM|69229|2918
ASSE|WELLEN|107083|4379
ASSE|WEMMEL|8975|814
ASSE|WERVIK|99369|3825
ASSE|WESTERLO|73564|3534
ASSE|WETTEREN|37040|1861
ASSE|WEVELGEM|89199|3407
ASSE|WEZEMBEEK-OPPEM|27158|1378
ASSE|WICHELEN|27661|1920
ASSE|WIELSBEKE|73707|3042
ASSE|WIJNEGEM|56102|2924
ASSE|WILLEBROEK|31636|1802
ASSE|WINGENE|78938|3197
ASSE|WOMMELGEM|56154|2907
ASSE|WORTEGEM-PETEGEM|69858|2982
ASSE|WUUSTWEZEL|79776|3630
ASSE|ZANDHOVEN|65962|3169
ASSE|ZAVENTEM|23630|1380
ASSE|ZEDELGEM|86385|3342
ASSE|ZELE|23489|2203
ASSE|ZELZATE|66774|3068
ASSE|ZEMST|32352|1750
ASSE|ZINGEM|55948|2586
ASSE|ZOERSEL|72242|3291
ASSE|ZOMERGEM|64650|2846
ASSE|ZONHOVEN|95919|3783
ASSE|ZONNEBEKE|108063|4010
ASSE|ZOTTEGEM|35510|2177
ASSE|ZOUTLEEUW|74761|3337
ASSE|ZUIENKERKE|95759|3756
ASSE|ZULTE|65734|2770
ASSE|ZUTENDAAL|114086|4339
ASSE|ZWALM|40836|2507
ASSE|ZWEVEGEM|80199|3080
ASSE|ZWIJNDRECHT|50817|2673
